"Image","사용자","게시날짜","게시한 글","기업","답변날짜","답변 내용"
"https://play-lh.googleusercontent.com/a-/ALV-UjXTe5LO8p4CvvRiJzpwSLK7n8k1NhyTA8-lpUSyUTZAzSMIeN3gMg=s32-rw","B (Jason.B)","2023년 7월 3일","패스오더를 알게된 후로 항상 커피는 운전할때 패스오더를 사용해서 픽업합니다. 엄청편해요. 좀더 개발할 여력이 있다면 빅스비캡슐을 이용하여 보다 쉽게 주문을 할 수있으면 좋겠네요. 아무래도 이어플은 재주문(단골) 에 특화하면 좋을거같아요. 그래서 빅스비캡슐로 더 편하게 주문하면 좋을거같구요","PaytaLab","2023년 7월 4일","안녕하세요, 패스오더입니다.

패스오더를 알게 된 이후로 쭉 사용 중이시라니..! 이보다 더 기분 좋은 말이 있을까요?!
계속해서 패스오더를 찾아 주실 수 있도록! 일상 속 편리함을 제공해 드릴 수 있도록! 저희가 더 열심히 노력하겠습니다:)

또, 말씀해 주신 것처럼 현재 내부적으로도 더 간편한 주문 방식 및 서비스 제공을 위해 고민하고 개선해 나가고 있는데요! 남겨 주신 의견도 유관 부서로 전달하여 추후 모든 면에서 100% 만족감을 드릴 수 있도록 노력하겠습니다!

그 외 서비스 관련 문의 및 피드백도 언제든 글 남겨 주시길 바라며, 귀 기울여 성장하는 패스오더가 되겠습니다. 감사합니다:)

-패스오더 드림"
"https://play-lh.googleusercontent.com/a/ACg8ocI_HlinATHBxQY91KmBud0qKmO3RaIzJ6ZHyfwxpOCbiiRlMQ=s32-rw-mo","HYERI CHOE","2023년 6월 7일","잘 사용하고있습니다. 그런데 불편사항이 딱 하나 있습니다~ 패스머니 사용 시 일정금액 이하 내려가면 카드로도 자동충전이 될 수 있게 해주셨으면 좋겠습니다. 그점말고는 정말 잘 사용하고있습니다~","PaytaLab","2025년 9월 18일","안녕하세요, HYERI CHOE패써님!

오랜만에 인사드려요. 패스오더입니다:)
예전에 카드로 패스머니 충전이 가능하면 좋겠다고 말씀해주신 의견, 혹시 기억하실까요?

당시 남겨주신 의견을 바탕으로 이번에 카드 충전 기능이 업데이트 되어 안내차 연락드렸어요. 이제는 카드 결제를 통해 패스머니 충전이 가능하니 편리하게 활용해주시면 감사하겠습니다:)

그 외에도 이용 중 궁금하신 점이나 개선점 등은 언제든 말씀해주세요. 늘 패써님의 의견에 귀 기울여 더 나은 만족감을 드릴 수 있도록 노력하겠습니다. 요즘 아침저녁으로 일교차가 커지고 있는데, 건강 관리 유의하시길 바라며, 오늘도 기분 좋은 하루 보내세요. 감사합니다😊"
"https://play-lh.googleusercontent.com/a-/ALV-UjXECItWJ7TnnVeIsaRDDYJXqkoGYGwE-dMLlaqR7a05_Ewz51sGuA=s32-rw","이현지","2022년 3월 20일","출퇴근 하면서 유용하게, 만족스럽게 이용하고 있습니다. 다만, 매장포인트.. 유효기간이 너무 짧아요 ㅠㅠ 아 이제 아메리카노 한 잔 사먹겠다 생각들어서 조금 더 모아다가 다른거 마시려고 했는데 만료로 사라졌네요 ㅠㅠ 매장 포인트 유효기간을 늘려주실 수는 없을까요?","PaytaLab","2022년 3월 22일","안녕하세요 HYEONJI LEE 패써님. 패써지원팀 고민경입니다.

저희 서비스를 이용하시면서 불편함을 느끼신 부분에 대하여 죄송하다는 말씀드립니다. 포인트 유효기간이 짧게 느껴지셨군요. 아쉽게도 매장 자동적립(포인트/스탬프) 기능의 경우, 프랜차이즈 본사/매장별 적립정책에 맞추어 적용을 하고 있습니다. 사장님들께서 요청주신 것에 맞추어 세팅을 도와드리고 있는 점 양해해주시면 감사하겠습니다!

자동적립기능은 앞으로도 업데이트 해나갈 예정입니다. 패써님들께서 보다 편리하게 사용할 수 있도록 최선을 다하는 패스오더가 될게요. 소중한 피드백 남겨주셔서 정말 감사드립니다.

-패스오더, 패써지원팀 고민경 드림"
"https://play-lh.googleusercontent.com/a-/ALV-UjWmfpSY5l8puhv9vl_KkY06sN4gJr1AZAIkguHaTEBlypyGxqMNFw=s32-rw","김소쥐 (YomiRangu)","2023년 11월 29일","좋은데, 시킨매장 시킨메뉴 다시 시키는거, 쉽게 됐음 좋겠어요. 맨날 같은것만 먹어서... 단골매장 등록도 있으면 좋겠음, 만약 이미 있다면 잘 안보이는 거임.","PaytaLab","2023년 12월 6일","안녕하세요, 김소쥐 패써님 패스오더입니다.

단골 매장에 매일 먹는 메뉴가 있으신 패써님들을 위해 만들어진 재주문 기능을 사용해 보시면 어떠실까요? 앱 하단 [주문내역>재주문 할게요] 버튼을 클릭해 주시면 이전 내역 그대로 재주문 가능하니 많은 활용 부탁드립니다:)
또, 원하는 매장의 외관 사진>오른쪽 상단 뱃지를 클릭해 주시면 자주가요 목록에 추가되고, 이후에는 검색 없이도 앱 하단 [자주가요]에서 바로 확인하실 수 있어 이용에 참고 부탁드려요. 끝으로 여러 기능들이 더 쉽게 보여질 수 있도록 나은 방안에 대해서도 고민하고 보완해 나가겠습니다. 이용하시며 더 궁금하신 점은 언제든 말씀해주세요! 감사합니다:)"
"https://play-lh.googleusercontent.com/a-/ALV-UjU8nEGUZbELyx88gLfuX4Q9lvWy3qnmXGSepnz8bkWSqt5gllzJqA=s32-rw","임현주","2024년 1월 20일","넘넘 유용히 잘쓰고 있습니다. 계속 마지막에 결제완료 최종버튼을 안 눌러서 주문이 미스되는거만 빼면 넘넘 잘 쓰고 있어요💗 감사합니다.","","",""
"https://play-lh.googleusercontent.com/a-/ALV-UjU4ZznL1XWomUxty2vDe0jBoVZY08jN_vDafD42PAQ_dbBCL891=s32-rw","박덕수","2022년 1월 10일","너무 편리하게 미리 주문할 수 있어서 좋아요... 근데 아침 출근할 때 주문한다는게 잠이 덜깼는지 엉뚱한 곳 주문해서 경로가 아니라 못 받았네요.. ㅎㅎ 커피는 마시지 못했지만 잠은 잘 깼습니다! 앞으론 확인하고 주문하는 습관을 들이겠습니다!","PaytaLab","2022년 1월 18일","안녕하세요 박덕수 패써님. 패써지원팀 고민경입니다.

패스오더 서비스를 편하게 잘 이용하고 계신다니 정말 기쁩니다:)
단골 카페를 주로 이용하시는 경우라면, [자주가요] 기능을 통해 해당 매장을 보다 빠르게 이용가능하세요! 매장을 누른 뒤, 오른쪽 상단에 책갈피 아이콘을 클릭해주시면 저장이 완료됩니다.
또 다른 기능인 [재주문할게요] 버튼도 매일 마시는 메뉴를 간편하게 주문하실 수 있으니 서비스 이용에 참고하시면 좋겠습니다.

앞으로 꾸준히 패스오더 서비스를 향상해 대한민국 전 국민이 사용할 때까지 열심히 할게요. 지켜봐주세요:) 오늘도 좋은 하루 보내시기 바랍니다. 감사합니다.

-패스오더, 패써지원팀 고민경 드림"
"https://play-lh.googleusercontent.com/a/ACg8ocLNKQfbVU6B5BtuKolpf8pR5fJIvWjfEUwlzUJ4eT0adjzvJA=s32-rw-mo","허은영","2022년 10월 13일","패스오더때문에 맞은편 단골집 버림 ㅎㅎ 기다리지 않고 너무 편합니다. 최근에는 포인트 적립도 되서 더 자주 사용할듯","","",""
"https://play-lh.googleusercontent.com/a/ACg8ocK2GG3PItpjxZHKWO1UPe0Nz1rkvbXwWh4h0R05PCRRr2QTPA=s32-rw-mo","안지혜 (셀프언니)","2026년 6월 2일","좋은 연결, 좋은 하루, 여유있는 한잔","PaytaLab","2026년 8월 3일","안녕하세요, 안지혜 (셀프언니) 패써님! 패스오더입니다.

시간 내어 소중한 칭찬 남겨주셔서 감사드립니다.
패써님의 만족이 저희에게는 정말 큰 보람이 된답니다.
앞으로도 커피 주문에는 당연하게 패스오더를 기억해주실 수 있도록 더 많이 노력하겠습니다.

무한하게 성장해 나가는 모습 꼭 지켜봐주시면 감사하겠습니다 :)

-패스오더 드림"
"https://play-lh.googleusercontent.com/a/ACg8ocIbdbg3y5mlvPaSkXxb44Z-b8bCxIwsOa-bbtPbccNxx3OB-Q=s32-rw-mo","김현관","2022년 9월 25일","기다릴 필요가 없어 좋은데 단 충전금액액이 5만원부터라 아쉽네요 추가 포인트를 작게주셔도 좋으니 충전금액을 내려줬으면 좋겠네요","PaytaLab","2022년 9월 28일","안녕하세요 김현관 패써님! 패스오더입니다.

간편 모바일 주문 서비스 패스오더를 이용해 보시고 좋은 리뷰 남겨 주셔서 감사드립니다. 말씀해 주신 것처럼 현재 패스머니 충전 금액대는 5만원/10만원 이렇게 두 가지로만 구성되어져 있는데요! 추후에는 조금 더 다양한 금액대로 패스머니를 보다 더 많은 분들이 편리하게 이용하실 수 있도록 논의해 볼 수 있도록 하겠습니다.

저희 서비스를 이용해 보시고 좋은 피드백 남겨 주심에 감사드리며, 언제나 패써님의 소리에 귀 기울여 시간이 갈수록 더 나아지는 서비스 제공을 위해 노력하는 모습 보여드릴 수 있도록 하겠습니다. 감사합니다 :)

-패스오더 드림"
"https://play-lh.googleusercontent.com/a-/ALV-UjUr8xa-d17FIMUEeVAXhyW--tg_p8lv9cktLQvV0sGjUSF6xU1q=s32-rw","김대원","2023년 11월 13일","유용하개 잘쓰고있어요 선주문이 이렇게 편하다는^^ 다만 포인트를 1원부터 쓸 수있으면 좋겠어요^^ 지금처럼 100원도 나쁘진 않고요","PaytaLab","2023년 11월 17일","안녕하세요, 김대원 패써님 패스오더입니다.

패스오더로 주문하면 기다리지 않고, 미리 주문-결제 가능하니 정말 편리하죠! 잘 이용해 주심에 너무 감사드리며, 지금 남겨 주신 이 마음이 변치 않으시도록 더 좋은 서비스 제공을 위해 노력하는 패스오더가 되겠습니다:)
또, 앱 내 매장 포인트는 각 매장 적립 정책에 따라 기준이 설정되어 모든 매장마다 기준이 상이하나 패스오더 포인트는 100P부터 사용 가능한데요! 사용 금액에 제한 없다면 더 편리하실 것 같아 해당 부분도 논의하고 보완해 나가겠습니다. 소중한 의견 감사드리며, 항상 패써님의 편리한 주문을 최우선으로 노력하겠습니다. 감사합니다!

-패스오더 드림"
"https://play-lh.googleusercontent.com/EGemoI2NTXmTsBVtJqk8jxF9rh8ApRWfsIMQSt2uE4OcpQqbFu7f7NbTK05lx80nuSijCz7sc3a277R67g=s32-rw","Google 사용자","2020년 1월 24일","패스오더는 더 널리 알려져야해용☺ 나만 알기 아까웡ㅜㅜㅜ 앞으로 더 응원할게요ㅎㅎㅎ 올해는 패스오더의 해가 되길 바랍니당~~~ 시간절약 쵝오!♡♡♡스피드 짱♡♡♡","PaytaLab","2020년 1월 28일","안녕하세요 복이 패써님 
편리한 주문결제 ""패스오더""입니다.

먼저, 저희 패스오더 서비스를 이용해주셔서 감사드리며 좋은 리뷰 남겨주셔서 감사드립니다.

앞으로도 복이 패써님의 시간절약을 하는데 도움이 될 수 있는 패스오더 서비스가 되기 위해 노력하겠습니다.

다시 한 번 저희 패스오더 서비스를 이용해주셔서 감사드립니다.

패스오더 드림"
"https://play-lh.googleusercontent.com/a-/ALV-UjUobXIbcTrgLI6B18aWGfTE41Qj5eE1MfNympPjDsx3pLLALV2m=s32-rw","junhee song","2022년 2월 8일","바쁜 일과로 줄서서 주문하고 기다리는 시간이 많이 걸렸는데 패스로주문하니 너무 편하고 좋네요","PaytaLab","2022년 2월 10일","안녕하세요 junhee song 패써님. 패써지원팀 고민경입니다.

주문해두고, 빠르게 받아오기만 하면 되는 패스오더! 저도 주변 지인들에게 추천하고 나서 한 번도 불편하다는 평가를 들은 적은 없는 듯 합니다!
물론 더 많은 분들이 사용해주셨을 때 ""편하고 좋다"" 라는 평가를 받을 수 있도록 계속해서 발전해 나가야만 하겠지요:) 힘을 주셔서 감사합니다.

아직은 성장 중인 서비스여서 미숙한 부분도 많지만 패써님들이 남겨주시는 소중한 피드백들을 발판 삼아 계속해서 나아가고자 합니다.
모든 분이 만족할 수 있는 서비스가 되는 그 날까지요:) 오늘 하루도 좋은 시간 되시길 소망합니다.

.-패스오더, 패써지원팀 고민경 드림"
"https://play-lh.googleusercontent.com/a/ACg8ocL-cDq0VS8mk-D2M7qGcy_FjUfFZKvhyyF--rlc_t0u-XmC=s32-rw-mo","뉴뉴","2023년 4월 18일","가맹점이 많아서 좋네요 어떤어플은 근처 커피점 한군데만 제휴되있는데 이건 가맹점이 훨씬많아요","","",""
"https://play-lh.googleusercontent.com/a/ACg8ocLnRw3A38igh6tVyyJ5Gzu_y6hk_3Q0sEnaxtrEDU9n8_v7Pw=s32-rw-mo","곽재우","2022년 11월 28일","편한거같아요 회사위치상 미리 주문하면 시간도 절약되고 좋겠다싶었는데 마침 있네요!","","",""
"https://play-lh.googleusercontent.com/a/ACg8ocKRIuFdVRY9NM1AN4MqrVyKlWxu3yaVCkGc6qgQ2RdN-gqoSw=s32-rw-mo","Hyunae Lee","2022년 8월 24일","아이들이 학원갔다가 근처 에서 음료수 먹고싶어할때 집에서 주문해서 픽업할수있게하니 편리하더라구요~","","",""
"https://play-lh.googleusercontent.com/a/ACg8ocJTUy6HNz9_BdN_kBt6UWIhNe3G1Il21cVD5KpZxqY1UxBqyw=s32-rw-mo","kk k","2023년 4월 15일","넘넘편해요 집앞에 있는 카페에서 항상 테이크아웃으로 사먹는데 집에서 주문하고 가면 점심시간에 줄서지않아도 바로받을수있어요.","","",""
"https://play-lh.googleusercontent.com/a-/ALV-UjUKHVJ40te_Y3qzcwgXbTyPhBZJBKbHrKEcy9zMVu5598IxzEnCWg=s32-rw","미니","2023년 1월 5일","걸어가면서 미리 주문하고가서 바로 테이크아웃 할 수 있어 너무 편한거 같아요~^^b","","",""
"https://play-lh.googleusercontent.com/a-/ALV-UjXQqNXVTU_Dx6ceqMWpRgyygDP8qwKee71MsMcoRKhz8gxt-y4A=s32-rw","최기철","2024년 1월 9일","가게에 손님이 많아도 기다리지 않고 바로 주문한 음료를 받을수 있어서 너무 좋네요","","",""
"https://play-lh.googleusercontent.com/a-/ALV-UjXs8oTU-dqkgfozqS0oBdT_829i3ONNGiD78cJ2TuGjBKVf1FORTw=s32-rw","뉸뉴냔냐아","2023년 9월 16일","저는 죠았씁니다! 쿠폰으로 다양한 지점을 경험하고 사용할수있어 좋았어여","","",""
"https://play-lh.googleusercontent.com/a-/ALV-UjUu_FFqtKtF0vnrJqvO9e86Rur3sS0ZVOm_iHPL3G04f5LZgXI=s32-rw","서현태","2023년 12월 7일","다좋은대. 기존에있던 포인트가연동이않되서다소아쉽내요","PaytaLab","2023년 12월 8일","안녕하세요, 서현태 패써님 패스오더입니다.

간편한 주문 앱 패스오더를 잘 이용해 주셔서 너무 감사합니다! 패스오더 매장 적립 기능의 경우 현재는 앱 주문 시에 한해 적립되며, 타 적립 시스템 연동은 불가한 점 양해 부탁드립니다.
다만, 조금 아쉽다고 말씀해 주신 점도 고려하여 해소할 수 있는 방안과 개선점에 대해서도 고민하고 업데이트해 나갈 수 있도록 하겠습니다. 그 외에도 이용 관련 문의 및 불편사항 등은 언제든 말씀 부탁드리며, 항상 귀 기울여 발전해 나가는 패스오더가 되겠습니다. 추운 날씨 감기 조심하시고 즐거운 금요일 보내세요. 감사합니다 :)

-패스오더 드림"
"https://play-lh.googleusercontent.com/a/ACg8ocJx_rFU0YhA8tcG0hJhYMLYikjbmQoDGAoeIWwABgFqJqDYbA=s32-rw-mo","D.Y Group","2023년 12월 12일","많은 이벤트 덕에 아주 잘 사용하고 있어요.최고의 앱! 번창하세요~~~^^","","",""
"https://play-lh.googleusercontent.com/a-/ALV-UjVriH93dibt3AxtoiWJYWLG9eXmRxhq6gIn3KShU1OvM1zGpQ=s32-rw","정병문","2023년 10월 4일","출근전에 주로 사용합니다 생각보다 쿠폰도 다른카페 시스템보다 빨리 모이는것 같기도 하고 좋아요","","",""
"https://play-lh.googleusercontent.com/a/ACg8ocJ1DUYz4WUlgXEdW3DyV8cZwf1scBeCw5hA2bXV0mhza54zHA=s32-rw-mo","이윤정","2023년 11월 27일","제일 처음 사용할때보다 차츰차츰 이용하는데 불편했던점이 개선되는거 같아 아주 잘 애용하고 있습니당~~","","",""
"https://play-lh.googleusercontent.com/a-/ALV-UjXvsYK4qaMTBKQsXVumAv02x1wWl45ANgbahr53FpAOEtqLbLPuWw=s32-rw","송규태","2023년 12월 29일","어디 가기전 미리 편리하게 주문결재 할수있어서 너무편합니다^^고맙습니다~","PaytaLab","2024년 1월 4일","안녕하세요, 송규태 패써님 패스오더입니다.

패스오더를 잘 이용해 주셔서 저희가 더 감사합니다! 패스오더를 이용하면 주문부터 결제, 적립까지 모두 한 번에 해결할 수 있어 정말 편리하죠! 지금 남겨주신 이 마음이 오래오래 이어질 수 있도록 저희가 더더 잘하겠습니다:)
패써님의 삶의 질 향상을 UP 시켜드릴 수 있도록 항상 패써님의 의견 하나하나를 놓치지 않고 귀담아듣기 위해 노력하고 있어요. 혹시라도 궁금한 점이나 불편사항 등은 언제든 말씀해 주시면 빠르게 안내드리겠습니다. 추운 날씨 감기 조심하시고 오늘도 기분 좋은 하루 보내세요. 감사합니다!

-패스오더 드림"
"https://play-lh.googleusercontent.com/a/ACg8ocKkLaywdeDFSjtCzpoIxKbo4UcfdO2l_OH_5IuTTM0ZavgvGw=s32-rw-mo","한상근","2021년 10월 31일","앱을 유용하게 잘 쓰고 있어요 아쉬운건 카페 외 음식점 추가했으면 좋겠네요","PaytaLab","2021년 11월 2일","안녕하세요 한상근 패써님. 패써지원팀 고민경입니다.

‘필요한 사람에게 적재적소의 서비스를 제공해드리고 있다!’는 뿌듯함으로 어깨가 절로 들썩이는 리뷰를 남겨주셨네요.
기다림 없는 간편한, 비대면 시대의 필수 어플 패스오더를 이용해주셔서 저희가 더 감사하다는 인사를 드립니다.

“이런 기능도 있으면 좋을텐데”, “추가되면 참 좋겠다” 하는 목소리들도 언제든 환영입니다! 지금은 '카페' 중심으로 서비스를 제공해드리고 있지만 추후 업종을 확대해나갈 계획도 있습니다.

더디더라도 반영해나가는 모습을 위해 열심히 달리는 중입니다! 오늘 하루도 행복한 시간 보내시길 바랍니다. 감사합니다!

-패스오더, 패써지원팀 고민경 드림"
"https://play-lh.googleusercontent.com/a-/ALV-UjVceD2x4nhwpD6tLsyqtAUe5xB57jjfnw-65wXZ7sH9KeNXo76D=s32-rw","이혜승","2022년 4월 14일","주문도 편하고 픽업도 바로 되서 기다리지도 않아서 너무 좋네요ㅋ","PaytaLab","2022년 4월 14일","안녕하세요 이혜승 패써님. 패써지원팀 고민경입니다.

패스오더도 이혜승 패써님을 좋아합니다:) 저희 서비스를 이용해 주시고, 리뷰까지 남겨주셔서 정말 감사드립니다. 패스오더의 빠르게 픽업할 수 있는 부분이 가장 좋게 느껴지셨을까요? 모든 면에서 패써님께 만족감을 드릴 수 있도록 더욱 노력하는 패스오더가 되겠습니다. 앞으로도 기다림 없이, 미리 주문하고 바로 픽업 하는 편리한 패스오더 많이 사랑해주시고, 관심과 애정으로 지켜봐 주셨으면 감사드리겠습니다.

행복한 한 주 보내시고 다가올 주말을 상상하며 신나게 하루 채워 가셨으면 좋겠어요! 감사합니다.

-패스오더, 패써지원팀 고민경 드림"
"https://play-lh.googleusercontent.com/a/ACg8ocJFG9583B6aCDT1p9yB__1Y-N2eDm1c9R_16D6UDlTFFPaA=s32-rw-mo","차니땡","2022년 8월 21일","매우 편하고 좋아요 다른매장들도 패스오더 했으면 좋겠네요","","",""
"https://play-lh.googleusercontent.com/a-/ALV-UjWkOXlDKil4P-xgYqncygcpLNskN7jD5K_EphtQgWuak7Heq04=s32-rw","Rosaire,無生月","2023년 5월 8일","오류가너무많아요 번호인증하래서 했더니 앱켤때마다 인증창나오고 로긴창나오고","PaytaLab","2023년 5월 9일","안녕하세요, Rosaire,無生月 패써님! 패스오더입니다!

먼저 패스오더 이용에 불편함을 안겨 드린 것 같아 죄송한 마음입니다.

앱 사용 시 지속적으로 로그아웃 된다는 말씀이실까요?
또, 오류가 많다고 말씀해 주셨는데 해당 내용만으로는 정확하게 어떤 오류인지 파악이 어렵다 보니ㅠㅠ 번거로우시겠지만 앱 하단 [패스오더와 더 친해지기>문의하기]로 글 남겨 주신다면 보다 더 정확하게 파악 후 안내드리고 개선해 나가겠습니다.

그 외 서비스 관련 문의나 불편 사항은 언제든 [문의하기]로 글 남겨 주시길 바라며, 귀 기울여 불편함 없는 좋은 서비스 제공을 위해 노력하는 패스오더가 되겠습니다. 감사합니다!

-패스오더 드림"
"https://play-lh.googleusercontent.com/a-/ALV-UjVlPU6DM4ty9tmrAbb2Ja5rxe-bV_6BYGcP_l246a4qKiEMgrgaSg=s32-rw","짱윤","2023년 5월 5일","너무편하고 사용하기좋아요~~쿠폰이벤트도 많이만들어 주세요.","","",""
"https://play-lh.googleusercontent.com/a-/ALV-UjXUG9cLBrk8M3sitjaSMX8oEhq9TquI919WiLH5zBeQmt_HOydy=s32-rw","Saram Busan","2022년 12월 26일","주변검색이 매우 편하고 도착 시간 예정시간 정할 수 있어서 좋네요","","",""
"https://play-lh.googleusercontent.com/a-/ALV-UjUNvKEfJibMoJ6z7IdOnyxlveFujeYATFIWnAf4751XY3psftM=s32-rw","김민지","2022년 1월 19일","미리주문해서 바로 픽업가능해서 편하고 너무 좋아요","PaytaLab","2022년 1월 25일","안녕하세요 김민지 패써님. 패써지원팀 고민경입니다.

'너무'라는 강조어에 절로 흐뭇해지네요. 카페에서 기다리지 않고, 미리 주문-결제로 맛있는 커피를 드실 수 있는 스마트한 패스오더 라이프를 즐기고 계시는걸까요:)
추운 겨울 날씨에는 더더욱 유용하게 느껴지실 거라고 믿습니다. 많은 패써님들이 보내주시는 사랑과 관심에 불편함을 안겨드리지 않도록 더욱 좋은 서비스로 발전하는 패스오더가 되겠습니다.

달달한 꿀 같은 리뷰 남겨주셔서 다시 한 번 감사드려요! 화요일 조금만 더 힘내세요!

-패스오더, 패써지원팀 고민경 드림"
"https://play-lh.googleusercontent.com/a/ACg8ocJB_uJXP9SUm_9GadUOt4Q-d5N1SVFvbZENl7SZMxonsrGGcw=s32-rw-mo","오상훈","2022년 10월 26일","처음써보는게 주문과 결재가 편리하네요","","",""
"https://play-lh.googleusercontent.com/a/ACg8ocLjVaxcN0oRwOazYKb3CUofBAfvwQcoWGGdRSgMDwM1j3tFxg=s32-rw-mo","성명환","2023년 5월 3일","100원 아메리카노 때문에 이용 했는데 1일1커피를 하시는 분이라면 패스오더가 더 금전적으로 이득이지 싶네요","","",""
"https://play-lh.googleusercontent.com/a/ACg8ocKH9DS4JU9fyYRImXtu7iBj6l2q3I1HTeu9xkYsQDszfAJXig=s32-rw-mo","nak jun choi","2023년 11월 11일","걸아가면서 시키는거 너무좋다 확실시 덜기다린다","PaytaLab","2023년 11월 16일","안녕하세요, nak jun choi 패써님 패스오더입니다.

바쁜 일상 속에서 패스오더가 편리함을 드릴 수 있다니 뿌듯하면서도 책임감이 생기는 것만 같습니다! 더욱 든든한 도우미가 되어드릴 수 있도록, 멈추지 않고 계속해서 발전해 나가겠습니다. 편하고, 쉽고, 빠른 일상 생활에서 언제나 시간 절약 책임질 수 있는 패스오더! 성장하는 모습도 꼭 지켜봐 주시고 오래오래 함께 해주세요:) 패써님 주변에 더 많은 매장도 도입되어 맛집도 많이 소개해 드릴 수 있도록 더 달려보겠습니다~! 벌써 한 주가 마무리되어 가는 금요일이네요. 오늘만 지나면 즐거운 주말이 기다리고 있으니 화이팅입니다! 감사합니다 :)

-패스오더 드림"
"https://play-lh.googleusercontent.com/a/ACg8ocLdr9FSc0u5f0qAOToA5Piw1TLq1KPuP09byg3N2SEQXVZD2Q=s32-rw-mo","기현","2021년 5월 24일","가까운곳에 이용할수있는 매장이 거의없어 아쉽네요","PaytaLab","2021년 5월 25일","안녕하세요 기현 패써님. 패써지원팀 고민경입니다.

유용하게 이용 가능한 패스오더 서비스와 함께 해주심에 너무나 감사드린다는 말씀드립니다.
많은 매장에 계약되어 있지 않아서 아쉽다는 패써님들의 목소리에 부응하기 위해 하나라도 더 많은 매장이 도입될 수 있도록 저희 패스오더 팀이 열심히 뛰고 계시답니다.
전국의 모든 매장에서 패스오더를 만나는 그날까지! 함께해주셨으면 좋겠어요:)
퇴근 후 만끽할 휴식시간을 고대하며. 오늘 남은 하루 마무리 잘하셨으면 좋겠습니다~!

-패스오더, 패써지원팀 고민경 드림"
"https://play-lh.googleusercontent.com/a-/ALV-UjXfOL_SNZ4mqfeIC7m2ejxJZRe1ijfedD1Yv9lLXyhgM4NVdm9S=s32-rw","김태경","2025년 9월 9일","좋은데 같이적립 기능이 사라진 건지 어느 날부터 안돼서 좀 아쉽네요ㅠㅠ","PaytaLab","2025년 9월 17일","안녕하세요, 김태경 패써님! 패스오더입니다.

먼저, 패스오더를 이용해주시고 소중한 의견 남겨주셔서 감사합니다😊

아쉽게도 현재는 원하는 친구에게 추가 적립을 선물할 수 있었던 혜택은 지원이 종료된 점 양해 부탁드립니다. 대신 이번에 새롭게 리뉴얼 된 같이주문 기능에 대해 혹시 알고 계실까요~?

친구와 같이주문 기능을 이용해 주문하시면, 할인 쿠폰을 제공해드리는 프로모션도 상시 진행 중이니 많이 활용해주시면 감사하겠습니다. 앱 홈 화면 같이주문 가로배너에서 보다 자세한 내용을 확인하실 수 있으며, 더 궁금하신 점은 언제든 말씀해주세요. 감사합니다 :)

-패스오더 드림"
"https://play-lh.googleusercontent.com/a/ACg8ocJlkLWAnq_lxKdhQCdu4CeZOlnrVT5ORypiX94pcamF5c58Zw=s32-rw-mo","박수림","2023년 11월 14일","편해용다른앱보다편하고 가까운곳 보기쉬워서좋네요","","",""
"https://play-lh.googleusercontent.com/a-/ALV-UjVgZw295t3Q7mz83oODSb-jVkmH1F05uZ7-yXPZD3NJVIuKH4BG=s32-rw","강석원","2023년 9월 22일","서민의 티타임을 위한 최고의 앱이 아닐까.. 감히 이런 생각까지 드네요! 최고에요!!!♡","PaytaLab","2023년 9월 26일","안녕하세요, 강석원패써님 패스오더입니다.

티타임을 위한 최고의 앱이라니...! 서비스를 이용해 주시는 것만으로도 감사한데 이렇게 칭찬 가득한 리뷰를 보니 정말 감동입니다:) 지금 남겨 주신 이 마음이 오래오래 유지될 수 있도록! 안주하지 않고 무한한 편리함을 제공해 드릴 수 있도록! 더욱 노력하는 패스오더가 되겠습니다.

그리고 이후라도 서비스 관련 문의 및 피드백 사항도 언제든 말씀해 주세요. 패써님들의 피드백은 언제든 적극 환영이며, 귀 기울여 성장해 나가겠습니다.

이틀 뒤면 즐거운 연휴네요:)
다가오는 추석 연휴도 사랑하는 가족, 친구분들과 함께 행복한 명절 되시길 바랍니다. 감사합니다:)

-패스오더 드림"
"https://play-lh.googleusercontent.com/a-/ALV-UjXGD8TdbbX0pmI6WObTR_OgBIGN8VRnLeF7SVdeSTfTiwILDRig=s32-rw","김만일","2023년 7월 27일","혜택도 많고 사용하기에 어렵지 않네요 진작 쓸걸그랬네요 😢","","",""
"https://play-lh.googleusercontent.com/a/ACg8ocI7Mg_9qhTE0fyN1wt2p_h73JnqiwvuMWdalXaAAwlfg0rOow=s32-rw-mo","노형태","2022년 5월 20일","편하고 좋아요 쿠폰 유용하게 잘쓰고 있습니다","PaytaLab","2022년 6월 3일","안녕하세요 노형태 패써님, 패써지원팀 손지혜입니다.

저희 이벤트에 참여하여 쿠폰을 수령하여 잘 사용해주시는 것 같아 정말 기쁩니다! 패써님들께서 저희 서비스 이용에 만족감을 느끼셨다고 말씀할때면 얼마나 뿌듯한지 몰라요:)

계속해서 기능을 업데이트하고, 다양한 이벤트도 준비하고 있으니 앞으로도 패스오더와 함께 해주셨으면 합니다.

시간이 정말 빠르게 지나가는 것 같아요 벌써 2022년의 반이 지나갔습니다. 남은 날도 행복한 일만 가득하시길 소망합니다. 감사합니다.

-패스오더, 패써지원팀 손지혜 드림"
"https://play-lh.googleusercontent.com/a-/ALV-UjXDfZ6kePCa2kF6jm73RvhHvCf4D8OyRpina16fmrE8ZVSlgLnG=s32-rw","타이거펠파","2022년 7월 22일","편하고좋은데 아직 활성화가 덜된기분입니다.","PaytaLab","2022년 8월 8일","안녕하세요 타이거펠파 패써님! 패써지원팀 조은빈입니다.

먼저 패스오더를 이용하시고 ""편하고 좋다""라고 말씀해 주셔서 진심으로 감사드립니다. 저희는 현재 더 많은, 다양한 매장들이 도입될 수 있도록 패스오더 팀원들은 오늘도 열심히 뛰고 있답니다! 전국의 모든 매장에서 패스오더를 만나는 그날까지! 꼭 함께 해주시길 부탁드립니다. 또, 더 좋은 이벤트도 계속해서 기획 중에 있으니 많은 사랑 부탁 드립니다.
패스오더는 언제나 패써님의 소리에 귀 기울이고 있으며, 최고의 서비스가 되는 그날까지 노력하겠습니다. 감사합니다 :)

- 패스오더 패써지원팀 조은빈 드림"
"https://play-lh.googleusercontent.com/a-/ALV-UjWGARW2Hh8gpW1_7xRR8883ooG-lnDAIqurYNzjlORormCgnhI=s32-rw","jeong mi lee","2022년 9월 25일","편리하고 배* 보다 저렴하게 커피 미리주문해서 좋아요","","",""
"https://play-lh.googleusercontent.com/a-/ALV-UjVxIW6nMQEBGG2y2lORVLKg00QKSjBxggwyJQx8_-JU8Qz7e7MD=s32-rw","사고뭉치코코와겨울이의 일상","2023년 10월 17일","출근 하면서나 일할때 금방주문할수있어서 좋아요","","",""
"https://play-lh.googleusercontent.com/a/ACg8ocIHuSRPqGNfO83zv-eq2RlOjMEn4PpPnXfH1PL3RqIhdH1e0A=s32-rw-mo","이성환","2024년 1월 23일","처음써보는거예요!! 일단은 간편햬서 좋은거같아요","","",""
"https://play-lh.googleusercontent.com/a/ACg8ocKAkEZmQZFFvBACWFDp1MgUDDqx8RDjOTpAjVKOMGfYEOnistma=s32-rw-mo","Boricha Sun","2023년 8월 4일","정말 사용하기 편하고 혜택도 많아요","","",""
"https://play-lh.googleusercontent.com/a/ACg8ocJSFDe4loe6ETMgLrE9rZXTizJGbASrWASJGB3stDzesDqImg=s32-rw-mo","지현윤","2023년 12월 12일","할인및쿠폰등 알뜰하게 쓰고있어요","","",""
"https://play-lh.googleusercontent.com/a/ACg8ocLLMLSH6TQNfeag9bZrDJZIOk8X90OYkEHfT41I05cNz-4GjQ=s32-rw-mo","김유경","2023년 4월 3일","기다리지 않아서 너무 편하고 포인트도 두둑해요!!!","","",""
"https://play-lh.googleusercontent.com/a/ACg8ocL7lOuIsuWPPcBbIzMItVEb9_oBQ8sPKT5CBw2NaJJJE_bYyHw=s32-rw-mo","아이란","2023년 3월 6일","패스오더 너무좋아요! 더블적립시스템 최고최고!","","",""
"https://play-lh.googleusercontent.com/a/ACg8ocI5ihHS65aYAseHCpkljLJ2WGZ3GXHgTOSb7yERK6lwo4CxIw=s32-rw-mo","chichi","2023년 5월 10일","좋아요 가게도 많고 편리해요. 개발자님 감사합니다","","",""
"https://play-lh.googleusercontent.com/a-/ALV-UjXcbS511AuG0tm2PpKdq8TJcaYfrsD2hxCvusrxxUrwoSddBEvq=s32-rw","도현아빠","2022년 8월 2일","편해요 : ) 때로링 허는 알림음이 기분 좋아요","PaytaLab","2022년 9월 21일","안녕하세요 새우 패써님! 패스오더 패써지원팀입니다.

기다림 없이 미리 주문하고 바로 픽업하는 패스오더! 저희 서비스를 이용해 보시고 진면목을 알아봐 주시는 것 같아 기분이 좋습니다! 때로링하는 알림음이 기분 좋으시다니! 패써님께서 써주신 귀여운 리뷰 덕분에 저도 덩달아 기분이 좋아지네요 ㅎㅎ!

앞으로도 패써님의 말씀을 토대로 더 좋은 서비스를 위해 노력하겠습니다! 혹시 이용에 불편함이 있으시다면 언제든 앱 하단 [패스오더와 더 친해지기>문의하기]를 이용해 주세요! 보다 빠르게 답변드릴 수 있도록 하겠습니다! 감사합니다!

-패스오더 패써지원팀 드림"
"https://play-lh.googleusercontent.com/a/ACg8ocIa_z5H31R4QqDHDwmD_UJSdbDZfZCKkkA66NzYM_r1NrZj8Q=s32-rw-mo","박윤미","2023년 9월 5일","넘모 좋은데 충전 금액좀 줄여주세용🩷","","",""
"https://play-lh.googleusercontent.com/a-/ALV-UjUPbJhJx-gHQWdVubwUb9AeFmvaE31Yq0rPuE2b6DMAnNfbvdyakg=s32-rw","Changhyeon Bae","2023년 5월 11일","쿠폰도 많이 주고 주문 편하네요","","",""
"https://play-lh.googleusercontent.com/a/ACg8ocITaZeyOSwbbOO2oMjDTAZo3YqFa9YrQmTv-Ei9esBSqQpMbg=s32-rw-mo","황병규","2021년 12월 2일","출발하가전에 주문하고 바로 받을 수 았어 너무 좋아요","PaytaLab","2021년 12월 3일","안녕하세요 황병규 패써님. 패써지원팀 고민경입니다.

간편한 패스오더, 기다림 없이 미리 주문하고 바로 가져갈 수 있는 패스오더! 황병규 패써님께서 이용해주셔서 너무 감사드립니다. 저 역시도 근무시간 중 가장 시간이 빨리 흘러간다는 점심시간에 후딱 나가서 패스오더로 커피까지 여유롭게 즐기고 있답니다:)

저희 패스오더는 바쁜 일상에 조금이나마 여유를 더해드리기 위해 늘 최선을 다하고 있습니다! 더욱 더 간편하고 스마트한 서비스를 위해 노력하겠습니다.  오늘 하루도 맛있는 커피 한잔의 여유를 느끼실 수 있으면 좋겠습니다!

-패스오더, 패써지원팀 고민경 드림"
"https://play-lh.googleusercontent.com/a/ACg8ocJe6EiXr9WjhlGzIjwTee9hcnXIwOKdS0Q4_euKsG2t37noWA=s32-rw-mo","양정모","2023년 7월 3일","편하고 좋아요.가고싶은 시간에 가는거 좋아요","","",""
"https://play-lh.googleusercontent.com/a-/ALV-UjVER-syC4uSQz6vnH1oIKdh_09Y-OA7xPhKH73N-mBmEH3nIllG=s32-rw","문대희","2023년 9월 18일","간편하게 미리 주문 할 수 있어서 좋아요","","",""
"https://play-lh.googleusercontent.com/a/ACg8ocJrEZh5G2e9xWTAmKMUwDRvD52nFbgtP1CEqMEI0LRh7KvrTw=s32-rw-mo","함성원","2023년 11월 23일","주문하기 편하게 잘쓰고있습니다 ㅎ","","",""
"https://play-lh.googleusercontent.com/a-/ALV-UjXuO1cnLK7K_QooJquuPIn2tR97VhpJFnj4-5I8LthpN00Nc-LS=s32-rw","김용철","2023년 1월 28일","아직 홍보가 안되서 그런지 가입된 곳이 많이 없다는거 말고는 좋아요^^","PaytaLab","2023년 2월 2일","안녕하세요, 김용철 패써님! 패스오더입니다.

간편한 모바일 주문 앱 패스오더를 이용해 주시고 소중한 말씀 남겨 주셔서 감사드립니다. 말씀해 주신 것처럼 패스오더는 계속해서 성장하는 서비스로 현재 더 많고 다양한 매장 도입을 위해 정말 열심히 노력하고 있는데요!
추후 패써님의 발길이 닿는 모든 곳에서 패스오더를 만나보실 수 있도록 하여 서비스 이용에 불편함이 없으시도록 더욱 노력하겠습니다!! 소중한 피드백 다시 한번 감사드리며, 패써님의 소리에 귀 기울여 성장해 나가는 모습도 꼭 지켜봐 주세요! 오늘도 좋은 하루 되세요. 감사합니다 :)

-패스오더 드림"
"https://play-lh.googleusercontent.com/a/ACg8ocKoBqaYafDWr4W4WCaKWDijR1HmsgJwN4yYaxvreWzEKRPBSA=s32-rw-mo","minha hwang","2022년 5월 11일","명규대표님 정말좋은앱 만들어주셔서완전잘쓰고있어요","PaytaLab","2022년 5월 23일","안녕하세요 minha hwang 패써님. 패써지원팀 고민경입니다.

좋은 앱 만들어주느라 불철주야 고생하시는 명규 개발자님께 꼭 전달해드리고 싶은 리뷰네요^^

패써님들의 칭찬과 피드백은 패스오더를 성장하게 하는 원동력입니다. 앞으로도 많은 관심과 좋은 의견 기다리고 있겠습니다. 패써님, 앞으로도 잘 부탁드릴게요:)

이번 주도 최고로 즐겁게 신나는 한 주 되시기를 바랄게요. 자외선이 따가우니 꼭 썬크림 바르세요^^

감사합니다.

- 패스오더, 패써지원팀 고민경 드림"
"https://play-lh.googleusercontent.com/a/ACg8ocJ8n-9vf4hl22OqsUcjW9fVtMGuKFN_KqLKDApYOEnEHVvUxA=s32-rw-mo","최지원","2022년 10월 8일","가기전 주문하고 받기 편해요","","",""
"https://play-lh.googleusercontent.com/a-/ALV-UjWVWYIVxRUDlQi2U1gmeUyVeJHw5hzX0WkfHLmMk0KnIVA2G3qU=s32-rw","문상철","2022년 11월 28일","기다림없이 편하게 잘이용하고있답니다~","","",""
"https://play-lh.googleusercontent.com/a/ACg8ocLUFCiLV1gTm81ALj6e3CmkFCYRDw3t_OsKozVqkmcLI5f1vg=s32-rw-mo","댄스선미","2022년 11월 17일","간편하고 여러가지혜택들이있어서좋은것같아요","","",""
"https://play-lh.googleusercontent.com/a/ACg8ocKnTuPuTM4bntHPXIHEt9USt2oal5_BKyQJ8AwXilU5oBV6DA=s32-rw-mo","김성호","2023년 11월 4일","요근래 나의 일상에서 불필요한 시간을 없애준 가장 고마운 어플","","",""
"https://play-lh.googleusercontent.com/a/ACg8ocIbjYCLOq062PGVEV5Ydezv5ZtQ7k50uVZXOg5RjgrB4K0Vow=s32-rw-mo","JunBum Bae","2022년 10월 30일","간편하고 아주 유용합니다.","","",""
"https://play-lh.googleusercontent.com/a/ACg8ocL-EY5md_lvwcbavQGfegDKgvQ4G3-MVlqTxLUzAtlijnqT=s32-rw-mo","박정웅","2023년 8월 27일","편하고 좋네요 자주 이용할거 같습니다","","",""
"https://play-lh.googleusercontent.com/a/ACg8ocJ_mAO7yHXd2dd9rrZW6P24UnFe_jbKJUswiNA5eftz6yEx0g=s32-rw-mo","진미정","2023년 1월 15일","잘쓰고 있습니다. 시간 절약 에 도움이 많이 돼요","","",""
"https://play-lh.googleusercontent.com/a/ACg8ocLORvEkuQGAWyUGbkzvZXfafcAcElSiQK9l45DCrI5GMhKdpA=s32-rw-mo","폼재이","2022년 5월 25일","할인도 많고 넘 좋아요 ㅎㅎ","PaytaLab","2022년 6월 14일","안녕하세요 폼재이 패써님. 패써지원팀 고민경입니다.

패써님이 곧 패스오더에 푹 빠지시는 ‘중독’ 예감이 곧 실현되지 않을까 조심스레 예측해봅니다:) 편하게 커피를 구매할 수 있다는 장점 뿐만 아니라 개인적으로는 좋아하는 카페 신메뉴들도 살펴보면서 자주 들어가게 되더라구요!

저희가 지향하는 목표가 ‘패스오더를 습관처럼 자주 쓰는 사람들이 많아지게 하자’인데, 한번 사용 후 계속해서 접속하고 싶은 마음이 생겨날 수 있도록 더 많은 가치를 제공하는 서비스가 되도록 노력하겠습니다. 오늘도, 내일도 패스오더와 함께 힘차게 출발하시길 바랄게요! 감사합니다.

-패스오더, 패써지원팀 고민경 드림"
"https://play-lh.googleusercontent.com/a-/ALV-UjVSUdinhlCfReaFYdeH30Zx7iqO2Rz33LnMEla3w0pqjnP9Lkth=s32-rw","복이누나","2023년 12월 11일","잘쓰고있는데 포인트 선물하기좀 그만떴음 좋겠어요....","PaytaLab","2023년 12월 13일","안녕하세요, 코코볼아니고코코팝스 패써님 패스오더입니다.

먼저 서비스 이용 과정 중 불편을 느끼신 것 같아 마음이 무겁습니다. 주문 직후 뜨는 팝업으로 인해 불편을 느끼신 걸까요? 남겨 주신 글은 유관 부서로도 전달하여 개선 요청을 드리고 더 나은 방안에 대해서도 논의하여 보완해 나갈 수 있도록 하겠습니다.

현재 저희 패스오더 팀은 최상의 만족감을 제공해 드리기 위해 밤낮을 가리지 않고 고민하고 연구하고 있답니다. 애정 어린 마음으로 지켜봐 주시고 함께 해주시면 감사드리겠습니다.
또, 패써님의 피드백을 토대로 성장해 나가는 모습 꼭 보여드릴 수 있도록 노력하겠습니다. 감사합니다:)

-패스오더 드림"
"https://play-lh.googleusercontent.com/a/ACg8ocILJT8p7fkGPOhjiA42YxR-RikBgGcS629fBFzSCjclpPOJCw=s32-rw-mo","이재영","2023년 3월 4일","매일 사용합니다. 매우 편리합니다.","","",""
"https://play-lh.googleusercontent.com/a/ACg8ocKilRO_QhlYlWBTR1u9Ki48_gUubNeC6Zx7prOhTA9sVmEnlA=s32-rw-mo","윤영미","2023년 2월 21일","쉽게 주문할수있네요","","",""
"https://play-lh.googleusercontent.com/a/ACg8ocJvuJ6tohaTG3BrHnD1bi8ff0BKMEi-OBDfQ7SYVGlX0Bvozw=s32-rw-mo","Mijin Lee","2023년 9월 26일","편리하고 좋아요 쿠폰 혜택도 좋아요","","",""
"https://play-lh.googleusercontent.com/a/ACg8ocLthokXm79xr8IBrM66_6JHT7riSbuUanxzxQ4nmzP1MCEhyg=s32-rw-mo","김민석","2022년 11월 8일","더많은 카페가 있으면 좋겠지만 잘쓰고있습니다","","",""
"https://play-lh.googleusercontent.com/a-/ALV-UjWV2O4bo4PIC5ZZwm4vzLfSVWMAOd5SdEn5Kb9u28QKlnaBJXsr=s32-rw","IlYoung Son","2023년 8월 1일","매우 편리합니다 앞으로도 지속 발전시켜 주시기 바랍니다 감사합니다","","",""
"https://play-lh.googleusercontent.com/a/ACg8ocL_tBE-THRJyCKYwi7DpKtOGIya5n-EskCylcUwohq48CYMhw=s32-rw-mo","이강훈","2023년 8월 22일","자주 사용하는데 편해서 좋아요","","",""
"https://play-lh.googleusercontent.com/a/ACg8ocL7X5fyK3y-1pa_EgBd-zUtjgULU-5Vkh_FZ9JLIXfEy_6xxQ=s32-rw-mo","김ᄃᄂ1완수","2022년 10월 26일","너무 잘 사용하고 있는 앱입니다~ 최고예요~!👍","","",""
"https://play-lh.googleusercontent.com/a-/ALV-UjXk2HDSBz2lxq2jmgwuXSHPqV8Soo2KV35TeHGl_c-2LPnW_3vh=s32-rw","장문석","2022년 10월 25일","가서 기다리지않고 음료를 마실수 있어 너무 편리해요","","",""
"https://play-lh.googleusercontent.com/a/ACg8ocJvoSteULnKLXMVmeqdz__UXTUePe4RV10WW165Zx7vgfUp=s32-rw-mo","Jong hwa Ku","2023년 1월 6일","편하고빨라서 넘 좋습니다","","",""
"https://play-lh.googleusercontent.com/a/ACg8ocKeG74W_Px_o5M110y0zd_owKfjiA9rAygCEx8BkvSnebDbwQ=s32-rw-mo","유영서","2021년 10월 3일","기다리는 불편한 없이 너무 편해요","PaytaLab","2021년 10월 5일","안녕하세요 유영서 패써님. 패써지원팀 고민경입니다.

먼저, 저희 서비스를 이용해보시고 리뷰까지 남겨주셔서 감사합니다. 저도 카페에서 기다리지 않고 주문부터 결제까지 한번에 가능한 패스오더의 매력에 푹 빠졌답니다.
유영서 패써님께도 이런 편리함을 제공해 드릴 수 있어서 매우 기뻐요! 패스오더를 통해 5분, 10분 절약해 더욱 뜻 깊은 곳에 쓸 수 있도록 끊임없이 노력하는 패스오더가 되겠습니다.
많은 관심과 애정 부탁 드리며, 오늘 하루도 마무리 잘 하셨으면 좋겠습니다! 감사합니다.

-패스오더, 패써지원팀 고민경 드림"
"https://play-lh.googleusercontent.com/a/ACg8ocKY1BTicHBvR6GpLPFSeIJz8hVvi-nJwyE531PT5j_0YWB5uJQP=s32-rw-mo","Juho Kim","2022년 12월 12일","부담없이 사용하기에 너무 좋습니다.","","",""
"https://play-lh.googleusercontent.com/a/ACg8ocJYQseI830RupdmsqdQJo5XQ0GFLkE6gctZ2S9OtenH7lgY9sg=s32-rw-mo","SEOK헬창퀀트","2022년 6월 27일","1주일전에 환불신청했는데 돈이안들어와요.. 확인좀해주세요","PaytaLab","2022년 6월 27일","안녕하세요 헬창퀀트 패써님. 패써지원팀 고민경입니다.

이용하시면서 불편함을 드려 죄송하다는 말씀드립니다. 패스머니 환불신청을 진행하셨을까요? 환불의 경우, 환불 및 취소 신청 후 영업일 기준 최대 7일까지 소요되는 점 안내드려요.

어플 내에 [ 아임패써 > 자주 묻는 질문 > 문의하기 ] 에 연락처 와 문의내용 전달해주시면 접수내역 확인 및 환불 예정 일자를 안내드릴 수 있도록 하겠습니다. 담당부서에서 최대한 빠르게 확인 도와드리겠습니다.

불편함 없이 편리하게 서비스 이용할 수 있도록 늘 패써님의 의견에 귀 기울이고 계속해서 발전하는 패스오더가 되도록 노력하겠습니다! 감사합니다.

-패스오더, 패써지원팀 드림"
"https://play-lh.googleusercontent.com/a/ACg8ocJOx2cgt6zdULxM5N54Ak_w8XLI2JGkPf_irQ7CaSkXYpRglw=s32-rw-mo","임하나","2023년 11월 25일","편하고 좋아요 잘쓰구있어요","","",""
"https://play-lh.googleusercontent.com/a/ACg8ocJ-6WVwh1XIprK0ciyA-anjy3MJZXGh-lzLB4tNrEvejcm8sA=s32-rw-mo","Jijj Kim","2024년 1월 3일","패스오더 안되는 매장을 된다고 올려놨음.","PaytaLab","2024년 1월 4일","안녕하세요, Jijj Kim패써님 패스오더입니다.

먼저 서비스 이용 과정 중 불편을 느끼신 것 같아 마음이 무겁습니다. 해당 부분은 정확한 확인을 위해 앱 내 [문의하기]로 매장명을 알려주실 수 있을까요? 저희 측에서도 정확하게 확인 후 안내드려 이용에 불편이 없으시도록 노력하겠습니다.
추가로 현재 앱 주문이 가능한 매장은 정식 도입된 매장이나 전화 주문만 가능한 매장의 경우 공공데이터 기반으로 간단한 정보만 등록되어 있는 점 참고 부탁드립니다. 추가적인 문의 및 불편 사항은 언제든 앱 홈 하단 [패스오더와 더 친해지기>문의하기]로 글 남겨 주신다면 빠르게 안내드리겠습니다. 감사합니다.

-패스오더 드림"
"https://play-lh.googleusercontent.com/a/ACg8ocJu8ekitY_tVIst0T-82SgSTYz_UHK-GsR5sAFdBQS6zrnrcQ=s32-rw-mo","홍예진","2023년 6월 5일","너무너무 편하고 좋아요 ㅎㅎ감사합니다","","",""
"https://play-lh.googleusercontent.com/a/ACg8ocJy5dx9awqPIxV3J_nhRlwSquoh5LEsShgcoelHdmpW4ixjKg=s32-rw-mo","이경호","2023년 1월 22일","간편하고 편리해요 굿굿","","",""
"https://play-lh.googleusercontent.com/a/ACg8ocL44Xr4yGZsurTN7x22BY5uyUqiJC1sQ9t8Z8wJP4NrauaoJA=s32-rw-mo","JIHUN LIM","2022년 6월 22일","만족하며 잘 사용하고 있습니다","PaytaLab","2022년 7월 22일","안녕하세요 JIHUN LIM 패써님! 패스오더 패써지원팀 김수진입니다.

오늘도 패스오더로 맛있는 커피 한 잔 하셨을까요?
패써님께서 만족하고 잘 사용하고 계시다니 저희는 더할 나위 없이 기쁩니다:)
패써님의 일상에 더욱 만족감을 드릴 수 있는 패스오더가 되겠습니다! 저희 패스오더 성장하는 모습도 꼭 지켜봐 주시면 좋겠습니다! 감사합니다:)
-패스오더 패써지원팀 김수진드림"
"https://play-lh.googleusercontent.com/a-/ALV-UjXukZswl9FtGFCaGPXnkJv3ccRsPkrpiKppuNt64hwQXov5pZvE=s32-rw","jiyoon Im","2022년 6월 14일","언제나 편하게 사용해요..^^","PaytaLab","2022년 7월 15일","안녕하세요 jiji 패써님
패스오더 패써지원팀 김수진입니다.
현대인들의 바쁜 일상 속에서 편하다 라는 만족감을 드릴 수 있어 기분이 좋아지는 리뷰입니다:)
패써님께서 시간 내어 리뷰도 남겨주신 만큼, 패스오더도 열심히 패써님의 피드백을 통해 점점 더 좋은 서비스 제공 해드릴 수 있도록 하겠습니다. 한 주의 마지막 금요일, 행복하게 보내시길 바랄게요! 감사합니다.

-패스오더 패써지원팀 김수진드림"
"https://play-lh.googleusercontent.com/a-/ALV-UjXdtRQRwe3heH8WqDejCMJqIywhvjTvAVjV7-EN-lcdFT98YPA=s32-rw","이한욱","2022년 4월 4일","아침 출근길 엘레베이트 나서면서 주문하고 바로 받아 갈수있어 편리해요","PaytaLab","2022년 4월 22일","안녕하세요 이한욱 패써님. 패써지원팀 고민경입니다.

패스오더를 통해 출근 시간 빠른 주문으로 편리함을 느끼셨군요! 정말 뿌듯함이 느껴지는 리뷰입니다. 출근 시간 정신없이 바쁠 때 주문, 결제까지 한번에 가능한 패스오더가 패써님의 시간을 단축 시켜 드릴 수 있어 다행입니다.

앞으로도 5분, 10분 소중한 패써님의 시간을 지켜드릴 수 있도록 더욱 발전하고 성장하는 패스오더가 되겠습니다. 커피 한잔 땡기는 날에는 패스오더를 꼭 다시 한번 찾아주시고, 꾸준한 관심과 애정 가져주시면 감사드리겠습니다. 남은 하루도 화이팅 입니다!

-패스오더, 패써지원팀 고민경 드림"
"https://play-lh.googleusercontent.com/a/ACg8ocJFMMzYFShimIEKoNELgDaAVpuUj0gHaaCjj0hFst9tZtoi=s32-rw-mo","서하종","2022년 5월 7일","빠르구 편한하네요.","PaytaLab","2022년 5월 16일","안녕하세요 서하종 패써님. 패써지원팀 김다희 입니다.

근무 중에도 후~딱 다녀올 수 있을 만큼 빠르고 편리한 패스오더죠!

저는 매일 아침 출근길에 지하철에서 내리기 한 정거장 전에 주문을 하고 맛있는 커피 픽업해서 즐겁게 출근한답니다. 서하종 패써님이 저와 비슷한 편리함을 느끼고 계시는 것만 같아 너무 반가운 기분입니다^^

아침 출근시간/점심시간/쉬는시간 가리지 않고, 어디서든 패스오더로 맛 좋은 커피를 빠르게 드실 수 있도록 더욱 노력하는 패스오더가 되겠습니다.

오늘도 패스오더와 함께 시원한 하루 되셨으면 좋겠습니다. 이용해주셔서 감사드립니다 : )

-패스오더, 패써지원팀 김다희 드림"
"https://play-lh.googleusercontent.com/a/ACg8ocLG3rkANtBQPWcG7ynBFnFy7Rhip3O_lQ7hM3MFcrNjr6-sPg=s32-rw-mo","민갑조","2023년 10월 15일","쓰기 편하고 좋아요","","",""
"https://play-lh.googleusercontent.com/a-/ALV-UjX227bY6dSrLFRQ2WDNIp1eiFSX4s6qAbMqgsViYfnt5Z3sSVE=s32-rw","신병길","2023년 11월 17일","어플 좋아요 사용도 간편하고","","",""
"https://play-lh.googleusercontent.com/a/ACg8ocI6bD_qn2pQZvvMTV4ljVNLnqXNx3s8wSG1ZDk1XQjIKqypWX8=s32-rw-mo","이원 (원)","2022년 9월 2일","너무 잘 사용하고 있어요! 신세계에요!","","",""
"https://play-lh.googleusercontent.com/a/ACg8ocJn9LGKyjwp5cjDTj6e4f7PyxRXiF5kXyB7Wdj84GrghdouDA=s32-rw-mo","eric chloe","2023년 4월 15일","스벅만 이용하다 처음 다른걸 쓰네요. 굿입니다","","",""
"https://play-lh.googleusercontent.com/a-/ALV-UjWsvDqFeuiXqa6oM35AykVXTEc7H_aMVQZUWpJrXyvismA4NKiL=s32-rw","주환이아빠","2024년 1월 12일","편하고 아주 좋아요","","",""
"https://play-lh.googleusercontent.com/a-/ALV-UjWrfTdjya4gxmNfsQp2Zeq1phhww5YRAPIRXstWgRoqPhN82foy=s32-rw","게임하는사람","2023년 2월 13일","처음엔 복잡해보여도 금방적응되요~","","",""
"https://play-lh.googleusercontent.com/a/ACg8ocJTlSOkSDoOad51Mpl-xf3OgYnLGyac_eri0QOymbnJpD5AHQ=s32-rw-mo","Chul Min Yoon","2022년 10월 24일","편하고 좋습니다 굿입니다","","",""
"https://play-lh.googleusercontent.com/a/ACg8ocLrgvJhfZ1w6kLytnMtK_JT2RtaERQhkeDHzmZFmsZR98FKaQ=s32-rw-mo","SY CHA","2022년 10월 1일","편리하게 잘사용하고 있습니다","","",""
"https://play-lh.googleusercontent.com/a-/ALV-UjWRTwVRerf27XriJuT3L_od46D-ZcFIpZm-bpTMX8oqLXqVXc3U=s32-rw","임지영","2022년 8월 7일","사용하기 편하고 너무 좋아요","PaytaLab","2022년 10월 6일","안녕하세요 임지영 패써님! 패스오더입니다.

간편한 모바일 오더 서비스 패스오더를 이용해 보시고 이렇게 기분 좋은 칭찬 글 남겨 주신 점 진심으로 감사드립니다! 임지영 패써님의 기분 좋은 리뷰 덕분에 오늘 남은 업무도 기분 좋게 마무리할 수 있을 것만 같습니다 :)

패써님은 패스오더의 어떠한 기능이 가장 마음에 드셨나요? 저는 단언컨대 기다릴 필요 없이 바로 픽업 가능한 점이 제일 편하더라구요! 패써님도 저와 같은 편리함 계속해서 누려보시면 좋겠어요 :)

벌써 한 주의 절반이 지난 목요일이네요! 오늘만 지나면 3일 동안의 즐거운 연휴가 기다리고 있으니 조금만 더 힘내셨으면 좋겠어요! 감사합니다!

-패스오더 드림"
"https://play-lh.googleusercontent.com/a-/ALV-UjWBQ5j8sWRGU16eqoWRNjEivJNu3rSwldUanrXTt3N3njxzbr8qVw=s32-rw","정동진","2023년 1월 6일","아주아주 잘사용하고있어요~","","",""
"https://play-lh.googleusercontent.com/a/ACg8ocIp31LYCzTeYWqn3Xr8IX2E0OdLo9Rs2nd_NkIpm1VoSk4Qjw=s32-rw-mo","mirko kim","2022년 9월 23일","편리하게 잘 이용중입니다","","",""
"https://play-lh.googleusercontent.com/a/ACg8ocIuLLvF0O4JmXWDWOPT120pVcQEMx8y0MM6uV12uT5dzkIetA=s32-rw-mo","손정규","2021년 9월 18일","좋아요..늘가던커피집 배민에없는데.아주좋네요","PaytaLab","2021년 9월 5일","안녕하세요 손정규 패써님. 패써지원팀 고민경입니다.

모바일 주문결제 앱 1위가 되겠다는 원대한 꿈을 품고 열일 중인 패스오더 팀에게 손정규 패써님의 리뷰를 공유하러 지금 당장 달려갑니다~! 패스오더가 “중개수수료 없이 이용가능”하다는 점은 카페 사장님들께도 인기만점의 비결입니다:)

앞으로 방문하시는 모든 매장에서 이용하실 수 있도록 열심히 뛰고 있으니 기다려주시고! 지켜봐주시면! 정말 감사할 것 같습니다. 매일 패스오더와 함께 맛있는 커피로 하루의 시작 또는 하루의 끝을 보내시길 바랍니다. 감사합니다.

-패스오더, 패써지원팀 고민경 드림"
"https://play-lh.googleusercontent.com/a-/ALV-UjXxRS0Py22GGImiMd27Y_Au2zKFpMwzU_F3T5hZgMzwA8EV_pg=s32-rw","이형민","2022년 9월 13일","너무편해요 드라이브스루 느낌","","",""
"https://play-lh.googleusercontent.com/a/ACg8ocIwGXaYgM4jQtLf5dApC2_ByybNdpiAtCAxAQW8n8VquoE6eg=s32-rw-mo","이도영","2023년 1월 10일","항상 잘 사용하고 있습니다~^^","","",""
"https://play-lh.googleusercontent.com/a/ACg8ocLFuawTRwv4trifMvoIlEzEZ7rqe1cfRVl6cJqwejcBvw-33w=s32-rw-mo","오은미","2021년 12월 6일","성격 급한 사람에게 너무 좋은 어플입니다!","PaytaLab","2021년 12월 6일","안녕하세요 오은미 패써님. 패써지원팀 고민경입니다.

날씨에 구애받지 않고 출근길에 패스오더로, 미리 주문하고, 여유롭고 재빠르게 픽업만 하여 사무실에 도착하는 아침을 맞이하는 것에 소소한 행복을 느끼고 있답니다! 패써님도 제가 느끼는 편리함을 느끼고 계시는 걸까요?
앞으로도 패스오더가 조금 더 편한 일상을 만들어드릴 수 있기를 기원합니다. 보다 다양하고 많은 카페에서 서비스를 이용하실 수 있도록 더욱 노력하겠습니다.

한 주의 시작인 월요일은, 피로감이 크실테지만 곧 찾아올 행복한 주말을 기대하면서 기분 좋게 오늘 하루를 보내셨으면 좋겠습니다. 월요팅입니다!

-패스오더, 패써지원팀 고민경 드림"
"https://play-lh.googleusercontent.com/a/ACg8ocKTnixBkgoPMR7qjL74VCL4_CFW8Ew9S8AFJJyMvreLWzyt5g=s32-rw-mo","김희수","2022년 10월 2일","사용하기 너무 편해여~~","","",""
"https://play-lh.googleusercontent.com/a/ACg8ocIrYOT1MX6cPsXkhFvNOZB6Sh7TNBw-zzoNjlj80GS-Vat72w=s32-rw-mo","운호이","2022년 5월 26일","너무 편하고 쓰기좋아요 ㅎ","PaytaLab","2022년 6월 14일","안녕하세요 운호이 패써님. 패써지원팀 고민경입니다.

별 다섯 개와 함께 좋다는 말씀 전달해주셔서 저희가 더 좋아요 패써님. 패스오더는 패써님께 더 좋은 칭찬, 더 많은 피드백을 받기 위해 매일 노력하고 있답니다.

칭찬 뿐만 아니라 불편한 건의사항도 언제든지 환영이니, 편하게 피드백 주시면 감사드리겠습니다. 미리 주문하면 시간도 절약되고 기다림 없이 픽업할 수 있는 편리한 패스오더! 앞으로도 많은 기대 부탁드리며 행복한 하루 되시길 바랍니다. 감사합니다.

-패스오더, 패써지원팀 고민경 드림"
"https://play-lh.googleusercontent.com/a-/ALV-UjXxlaKOziEAwai3Th-Yt6ejjPKk6Dw_pY-0qhlsY4MtpffDUTCN=s32-rw","alex kim","2023년 7월 4일","너무너무 편리합니다.","","",""
"https://play-lh.googleusercontent.com/a-/ALV-UjVZe-_VTwTYPX-HDT1IP94zDEXS_gUvCYWKmtYeHEI8xW7_0NU=s32-rw","kky kky","2022년 7월 20일","난 자주는아니지만 잘쓰고있음","PaytaLab","2022년 8월 4일","안녕하세요 kky kky 패써님! 패써지원팀 조은빈입니다.

잘 쓰고 계신다는 패써님의 소중한 리뷰 진심으로 감사드립니다! 앞으로는 패써님이 전보다 더 자주 찾아오실 수 있도록 저희가 더 분발하겠습니다 :) 다시 한 번 소중한 리뷰 남겨주셔서 진심으로 감사드리며, 무더운 여름 건강 조심하시고 행복한 목요일 되셨으면 좋겠습니다. 감사합니다 :)

- 패스오더 패써지원팀 조은빈 드림"
"https://play-lh.googleusercontent.com/a/ACg8ocJOLz5Seq0l116Wy8w0hIX-8tcQSXyXjmhfALLff_Y1_9L5=s32-rw-mo","hong두딸아빠","2022년 7월 14일","편리하고 좋네요","PaytaLab","2022년 8월 3일","안녕하세요 hong두딸아빠 패써님! 패써지원팀 조은빈입니다.

패스오더를 사용하시고 칭찬이 가득 담긴 리뷰 감사드립니다. 패써님의 리뷰를 보며 오늘도 더 좋은 서비스로 나아가야겠다고 다짐하며 힘을 낼 수가 있을 것 같습니다. 주문만 하면 결제, 기다림 모두 한 번에 해결 가능하니, 이렇게 편리할 수가 없죠? 패스오더는 현재의 편리함에만 머무르지 않고 더 발전된 서비스를 제공할 수 있도록 노력하겠습니다. 많은 이용 부탁드리며, 오늘 하루도 파이팅 하시길 바랍니다 :)

- 패스오더 패써지원팀 조은빈 드림"
"https://play-lh.googleusercontent.com/a-/ALV-UjVb6lOaDMDHVaRBFrg8H9T2-Oq5UJmC4rpNnCIrdFEceT5TLms=s32-rw","Daegyu Kim","2023년 10월 28일","생각보다 절차가 복잡하지 않고 좋아요","","",""
"https://play-lh.googleusercontent.com/a-/ALV-UjWNlU5TMJvtzjXjN7dihZ76R6JXLdwL_yICuGXfAeH4cBiTlfnh=s32-rw","기성이의부산세끼","2022년 2월 20일","정말편하고 좋은앱입니다 ㅎㅎ","PaytaLab","2022년 2월 23일","안녕하세요 기성이의부산세끼 패써님. 패써지원팀 고민경입니다.

고객님들의 ‘편리함’을 위해서 매 순간 노력 중인 저희 패스오더 팀에게는 “주문 및 결제 과정이 참 빠르고 편리하다!”와 같은 피드백은 정말 큰 힘이 됩니다. 사소한 부분이라도 피드백 해주신다면 조금씩 개선해 나가도록 노력하겠습니다!
사용하시는 모든 유저님들께 별 다섯 개를 받는 그 날까지 말이에요.

사용하시면서 혹시 불편한 점이나, 개선해야 할 점이 보이신다면 언제든지 피드백 남겨주세요. 평일의 중반! 수요일 오늘 하루도 잘 마무리 하셔서 더욱 편안한 휴식시간을 맞이하시기 바랄게요! 감사합니다.

-패스오더, 패써지원팀 고민경 드림"
"https://play-lh.googleusercontent.com/a/ACg8ocLfgTI0exp_5d1VGeNszjVapdKL6n2iIK1kLK_oQfSoTHL_jw=s32-rw-mo","김수훈","2023년 7월 4일","빠르고 좋아요","","",""
"https://play-lh.googleusercontent.com/a/ACg8ocKuG3QCfiJB6cZhcQFBkaP_zXeM5lOG2mAr4mooKYwR40Q6gA=s32-rw-mo","최종석","2022년 11월 13일","너무 잘 쓰고 있습니다 좋아요","","",""
"https://play-lh.googleusercontent.com/a/ACg8ocJjW6uLwKilDj73Jgz_J5JoceMxqEdtc07QhdsfRySrj5GzyQ=s32-rw-mo","자가기거가","2023년 11월 3일","빠르고 좋아요","","",""
"https://play-lh.googleusercontent.com/a-/ALV-UjWphXw5nQpZmzuD575Z9gWQT5bAGdXSaFKWeZQZuurqvSiqhJCv=s32-rw","한상대","2023년 12월 18일","유용하게 잘쓰고 있습니다","","",""
"https://play-lh.googleusercontent.com/a/ACg8ocICnL3lofYSLfkzdqzrwQy5vPI6QESMqE3mn6DTtcoAYdoSng=s32-rw-mo","이현정","2022년 11월 9일","편하고 넘좋아요","","",""
"https://play-lh.googleusercontent.com/a/ACg8ocLDaegzVJqtw4ezeAth2i-2qgtvxt0fHL2vrq9P-PHH3jit-A=s32-rw-mo","임아랑","2023년 9월 14일","늘 잘 사용하고 있어요. 감사합니다:)","","",""
"https://play-lh.googleusercontent.com/a/ACg8ocJvde9R3CO-m79mqGVBErDcBTPRvfDI6dCIsNFC7IiD-4YM2g=s32-rw-mo","박세정","2023년 1월 8일","내 아침의 루틴! 늘 고맙게 시간 절약하고 있습니다.","","",""
"https://play-lh.googleusercontent.com/a/ACg8ocIelDTgOQh6bHUoWHkZlrA1bXe4Xqk9eXxUtWoCujjsRWsSQA=s32-rw-mo","김중용","2022년 6월 14일","사용하기 편안해요","PaytaLab","2022년 7월 15일","안녕하세요 김중용 패써님!
패스오더 패써지원팀 김수진입니다.

먼저 많은 어플 중 저희 어플을 사용하시고 ""사용하기 편하다""는 말씀 주셔서 감사드립니다!
오늘도 저희는 패써님들의 일상 속 편리함을 제공해드리기 위해 달려나가고 있으며 앞으로도 꼭 함께해주셨으면 좋겠습니다:)
소중한 시간 내어 리뷰 남겨주셔서 감사드리며, 오늘도 좋은 하루 되시길 바랍니다:)

- 패스오더 패써지원팀, 김수진드림"
"https://play-lh.googleusercontent.com/a/ACg8ocIbYj-k1iIs93Q0G2GZfqI2Cure0i7hAmQo2G0WeGV4AdIBGQ=s32-rw-mo","Alex Bang","2021년 6월 27일","잘 사용하고 있어요~~","PaytaLab","2021년 6월 30일","안녕하세요 Alex Bang 패써님. 패써지원팀 고민경입니다.

저는 “말하지 않아도 알아요” 라는 말보다, 표현을 많이 하는 것이 더 좋다고 생각하는 편이라, Alex Bang 패써님의 리뷰 덕분에 입꼬리가 올라갑니다.
어떻게 하면 조금 더 편하게 패스오더를 이용하고, 손쉬운 결제과정을 만들 수 있을까를 매 순간 고민하고 힘써주시고 계시는 패스오더 팀원들에게
칭찬해주시는 패써님의 리뷰를 당장 보여드려야겠습니다.
다시 한번 소중한 시간 내어 리뷰 작성해 주셔서 감사하다는 말씀 전해드리며,
수요일 남은 시간들 행복함이 가득하셨으면 좋겠습니다.

-패스오더, 패써지원팀 고민경 드림"
"https://play-lh.googleusercontent.com/a/ACg8ocK5ox6yxX4bty5-CloRQ1VTPncYzgl2TZefW-iy-hCS9TN6Uw=s32-rw-mo","정범용","2022년 9월 18일","편리하고 좋아요.","","",""
"https://play-lh.googleusercontent.com/a/ACg8ocIPCuf3fKLxykEEEtlsmk7XXTI-8PH9HCpkZ_8FvvvmJwMb4Q=s32-rw-mo","비트세상","2023년 12월 3일","늘 맛나게 마시고 있어요. 고더화이트 짱","","",""
"https://play-lh.googleusercontent.com/a-/ALV-UjVD5206WC2adsnARsyV9w0LIi2o_KLz2-Tacqhy_k0TS1VbWekw=s32-rw","김정순","2023년 2월 18일","월 사용료가 조금 아까워서 삭제해야겠어요","PaytaLab","2023년 2월 21일","안녕하세요, 김정순 패써님! 패스오더입니다.

간편한 모바일 주문 앱 패스오더를 잘 이용해 주셨는데 사용하지 않으신다고 하니 속상한 마음입니다ㅠㅠ 패스오더는 현재 더 많고 다양한 매장 도입은 물론 기분 좋은 혜택 제공을 위해 오늘도 모든 팀원들이 열심히 노력하고 있습니다 :)

계속해서 노력하여 추후 더욱 만족스러운 서비스 제공은 물론 모든 분들이 커피 주문하면 단번에 '패스오더!'를 떠올릴 수 있도록 더욱 분발하겠습니다! 감사합니다 :)

-패스오더 드림"
"https://play-lh.googleusercontent.com/a/ACg8ocKJ-QeVXQCzbtwAVB39cmmWvf2pUTDQFXCOyNKQlsOPehuQDio=s32-rw-mo","홉로루","2022년 5월 15일","써보니 편하고 좋음","PaytaLab","2022년 5월 26일","안녕하세요 홉로루 패써님. 패써지원팀 김다희 입니다.

미리 주문하여 매장에 먼저 온 손님보다 먼저 픽업 할 수 있는 패스오더 서비스, 너무 편리하죠! 언제나 잘 이용해주셔서 감사합니다. 유저분들께서 한번 패스오더의 편리함을 느껴보시고는 도저히 안 쓸 수가 없다고 하시더라구요! 들어올 땐 마음대로지만 마음대로 나갈 수가 없는 마성의 패스오더랍니다. : )

언제나 애용해주셔서 감사드리며, 저희 패스오더 앱 내에서 무제한 친구초대를 통해 혜택을 받을 수 있는 서비스도 준비되어 있으니 활용해주시면 더욱 더 만족스러운 앱 사용이 되실 것 같습니다. 오늘도 좋은 하루 보내세요! 감사합니다.

-패스오더, 패써지원팀 김다희 드림"
"https://play-lh.googleusercontent.com/a-/ALV-UjViYCWdYwbaqp9p8CJsaSmZxJg7VzYlcGG5h6F-uaU-g7_l6YM=s32-rw","깡이","2023년 7월 25일","주문편해서 좋아요","","",""
"https://play-lh.googleusercontent.com/a/ACg8ocIcx_oaSjRf2JNANSGKl4sf7ZIpqqLtoz7kZfpN1WXSproF=s32-rw-mo","최세은","2023년 9월 10일","사용간단 미리 주문으로 시간절약~ 굿굿","","",""
"https://play-lh.googleusercontent.com/a-/ALV-UjWnX_JcDTlznSBuL_-2IJRb8qKaOOrSe6AaIN3PZ2UVIL3-MdxU=s32-rw","Binsf K","2022년 4월 6일","편리하네요 이벤트 굿입니다","PaytaLab","2022년 4월 27일","안녕하세요 Binsf K 패써님. 패써지원팀 고민경입니다.

편리하다고 말씀해주시니 기분이 너무 좋습니다:) 패스오더 안에 커피 핫플과 맛집들을 모두 담고 말겠어!라는 목표로 열심히 달리고 있는 패스오더팀이 이 리뷰를 본다면, 내가 일을 잘하고 있구나를 확인받는 기분일거라고 생각해요. 다양한 커피 브랜드 뿐만 아니라 매 분기 신메뉴까지 빠르게 업데이트 되어있는! 앞서가는 패스오더에서 앞으로도 행복한 커피타임을 즐겨주셨으면 좋겠습니다.

계속해서 다양한 이벤트도 기획 중에 있으니 많은 관심 부탁드릴게요! 앞으로도 패써님의 출근길 커피시간의 든든한 도우미가 되겠습니다.

-패스오더, 패써지원팀 고민경 드림"
"https://play-lh.googleusercontent.com/a/ACg8ocJ9hEpIUCytGqU6stD68gLrKYtGG6tYaZPxIEiP2UbdZugu-w=s32-rw-mo","최병호","2023년 7월 30일","사용하기편하고좋아요","","",""
"https://play-lh.googleusercontent.com/a/ACg8ocIR3bQiUENvVMU7QXeDt5jcWlqoeyNqymRZIcC0D4F5hMvzPQ=s32-rw-mo","박정한","2021년 11월 23일","아주 편하고 좋아요","PaytaLab","2021년 11월 24일","안녕하세요 박정한 패써님. 패써지원팀 고민경입니다.

저는 “말하지 않아도 알아요” 라는 말보다, 표현을 많이 하는 것이 더 좋다고 생각하는 편이라, 아주 편하고 좋다고말씀해주시는 박정한 패써님의 리뷰 덕분에 입꼬리가 올라갑니다.
어떻게 하면 조금 더 편하게 패스오더를 이용하고, 손쉬운 결제과정을 만들 수 있을까를 매 순간 고민하고 힘써주시고 계시는 패스오더 팀원들에게 큰 힘이 되는 것만 같습니다.

다시 한번 소중한 시간 내어 리뷰 작성해 주셔서 감사해요:) 수요일 오늘의 시간들 행복함이 가득하시기 바랍니다!

-패스오더, 패써지원팀 고민경 드림-"
"https://play-lh.googleusercontent.com/a-/ALV-UjXxqs26OIjJEAhJH1D1ab-sS0rfyYBHIokOCzNnOhd_heljLkLt=s32-rw","조영호","2023년 12월 10일","편하고 좋아요 굿","","",""
"https://play-lh.googleusercontent.com/a/ACg8ocIwW5rNIsT6uSUwSq5IF_4TxbkBegihGRadJCi50gd5xVtgZQ=s32-rw-mo","구선생","2023년 7월 31일","아주편하고 좋아요","","",""
"https://play-lh.googleusercontent.com/a/ACg8ocKMxvs2YObEqT77dSQAp_Ex4_5dg5sS96X9xMDuDuhrxHyzPg=s32-rw-mo","IMO","2022년 9월 5일","미리 주문하기 좋은 어플","","",""
"https://play-lh.googleusercontent.com/a/ACg8ocLyhr6yM0yXqMTQ5OtpMbGMxCD-nmAVNl0xexsROJWXW3h35Q=s32-rw-mo","박진애","2023년 7월 14일","주문후 핍업. 좋습니다","","",""
"https://play-lh.googleusercontent.com/a/ACg8ocJLLQltERbkFrKbhomjAy9dbXEK7qyNgDmHTZLkWuehS7NMYw=s32-rw-mo","RNZA DO","2023년 12월 2일","팝업좀 그만띄워 진짜 하루종일 띄우네","PaytaLab","2023년 12월 5일","안녕하세요, RNZA DO패써님 패스오더입니다.

저희 서비스 이용 과정 중 불편을 느끼신 것 같아 마음이 무겁습니다. 현재 앱 내 제공되는 다양한 혜택을 전달드리고자 팝업 안내를 드리고 있으나 조금 과하게 느껴지신 부분이 있었던 것 같습니다. 남겨 주신 글은 담당 부서로도 전달하였으며, 추후 불편함이 없으시도록 조금 더 나은 방안에 대해 고민하여 개선해 나갈 수 있도록 하겠습니다.

혹시 그 외에도 이용하시면서 궁금하신 점이나 개선 사항 등은 언제든 말씀해 주세요. 항상 남겨 주시는 소리에 귀 기울여 편리한 서비스를 제공해 드릴 수 있도록 노력하는 패스오더가 되겠습니다. 감사합니다 :)

-패스오더 드림"
"https://play-lh.googleusercontent.com/a/ACg8ocIUIV3S-16ilHXmXmbykwS4tlCA3Mg-PPK4iTneGGaFb56JzQ=s32-rw-mo","차혁정","2022년 11월 20일","증말로 편리합니다","","",""
"https://play-lh.googleusercontent.com/a/ACg8ocJGE53iZASCzzWrkNCdzMT0N_1OIdH2OrzwSMh3U1VOQCaFCg=s32-rw-mo","임세창","2023년 8월 29일","편하고 좋네요","","",""
"https://play-lh.googleusercontent.com/a/ACg8ocLTyn_haTNh15EtU85r6s_mH9hG3IH-XqBL_uev7MdHXSatsA=s32-rw-mo","박현정","2023년 12월 3일","편하고 좋아요!","","",""
"https://play-lh.googleusercontent.com/a-/ALV-UjUq78d0VxYJKOT-3HbbZrOyq9IY2yuIw8qYR8AlSrDOvbjD-NSGsw=s32-rw","박민규","2021년 8월 27일","매우 편리합니다.","PaytaLab","2021년 8월 30일","안녕하세요 박민규 패써님. 패써지원팀 고민경입니다.

'매우'라는 글자에 눈이 반짝하네요! 카페에서 기다리지 않고, 미리 주문-결제로 맛있는 커피를 드실 수 있는 스마트한 패스오더 라이프를 즐기고 계시는군요:) 앞으로 더운 날씨에는 더더욱 유용하게 느껴지실 거라고 믿습니다.
많은 패써님들이 보내주시는 사랑과 관심에 불편함을 안겨드리지 않도록 더욱 좋은 서비스로 발전하는 패스오더가 되겠습니다.

달달한 꿀 같은 리뷰 남겨주셔서 다시 한 번 감사드려요! 이번 주 한 주도 힘차게 보내시길 바랍니다.

-패스오더, 패써지원팀 고민경 드림"
"https://play-lh.googleusercontent.com/a/ACg8ocJRMEfiJdZgmVRkQ3ddT6_TVVYKqvrPmsUAWgNgbwE1Fcnk8g=s32-rw-mo","정경렬","2022년 11월 11일","편하고 좋네요","","",""
"https://play-lh.googleusercontent.com/a/ACg8ocKlDgOqJWZi2ofnefH4AlfExNKjayKvccM4LMgRi6wSMlw8UNw=s32-rw-mo","고양이나라","2023년 8월 12일","편하고 좋아요~","","",""
"https://play-lh.googleusercontent.com/a/ACg8ocIs7mubvKT24wclolqoH0gBcE5nP_SDqBBweJsRiTiIVVh3wA=s32-rw-mo","김선경","2023년 3월 31일","아주좋아요 친목도모","","",""
"https://play-lh.googleusercontent.com/a-/ALV-UjU0vfc6DXSX699lvSceh6g5juCfWzELkFiSFNh-l8c96l8s0pk=s32-rw","조민수","2022년 10월 1일","편하고 좋아요","","",""
"https://play-lh.googleusercontent.com/a-/ALV-UjXPMSzowvW1-lwnVmPktTSVfuUPnpty84px279wl52p9xyOE1RxnA=s32-rw","노영주","2022년 7월 17일","편하고 좋아요","PaytaLab","2022년 8월 3일","안녕하세요 노영주 패써님! 패써지원팀 조은빈입니다.

편하고, 쉽고, 빠른, 언제나 시간 절약까지 책임질 수 있는 패스오더! 소중한 리뷰 감사합니다. 앞으로도 패써님이 불편함 없이 편리하게 사용하실 수 있도록 늘 패써님의 의견에 귀 기울이는 패스오더가 되겠습니다.
벌써 한 주의 절반인 수요일이네요! 오늘만 지나면 한 주는 금방가니 황금같은 주말을 생각하며 남은 하루도 힘차게 달리셨으면 좋겠습니다. 감사합니다 :)

- 패스오더 패써지원팀 조은빈 드림"
"https://play-lh.googleusercontent.com/a-/ALV-UjV_IzWgdZ16bIGGrYFy2Hu-5SAP0O44NmMe7-CloL7nS20sZZ4=s32-rw","kyoung in choi","2022년 10월 15일","편하고 좋아요","","",""
"https://play-lh.googleusercontent.com/a/ACg8ocKFhRH-i-3DCwRUEiQuUwqhK6Xpd1Z5tD_VUCUlt_FMN-seGQ=s32-rw-mo","안광모","2023년 11월 8일","편하고 좋아요","","",""
"https://play-lh.googleusercontent.com/a/ACg8ocLJMP_Hpz-hAYx6gq3Nbt1GBThEs3FhxbPt7YUhbI3Lgq3-1A=s32-rw-mo","써니유","2021년 11월 28일","너무 편해요^^","PaytaLab","2021년 11월 30일","안녕하세요 써니유 패써님. 패써지원팀 고민경입니다.

미리 주문하고 결제까지 어플에서 한 번에 이뤄지는 간편한 패스오더를 사용해 보시고, ""너무 편해요"" 라고 말씀 해주셔서 정말 감사드립니다. 저도 제 지인에게 사심 가득한 추천을 하곤 하는데, 사용 만족도가 좋아서 뿌듯했답니다.

써니유 패써님이 더욱 만족하실 수 있도록 더 많은 이벤트와 업데이트로 찾아뵙겠습니다! 많은 기대 부탁 드립니다.
요즘 날씨가 정말 하루 아침에 바뀌는 것 같아요. 비가 그치면 더 추워진다고 해요. 건강 잘 챙기시고, 오늘도 패스오더와 행복한 하루 되셨으면 좋겠습니다. 감사합니다.

-패스오더, 패써지원팀 고민경 드림"
"https://play-lh.googleusercontent.com/a-/ALV-UjX3G1E5wTlXC9U4hFrB4lowvnRI1qcEFRR7q7G_udKaaco_VLo=s32-rw","한JAY","2022년 11월 17일","진짜 편학고 짱!","","",""
"https://play-lh.googleusercontent.com/a/ACg8ocITLueuqfJsmcp7PlhPfJGgofhBaJlCsYcfZNFzIHCOAw7IAw=s32-rw-mo","이진형","2022년 3월 19일","편하고좋네요","PaytaLab","2022년 3월 22일","안녕하세요 이진형 패써님. 패써지원팀 고민경입니다.

간편한 패스오더! 기다림 없이 미리 주문하고 바로 픽업하는 패스오더! 저희 서비스의 진면목을 알아봐주시고, 이용해주시는 것에 그치지 않고 이렇게 글까지 남겨주신 점 너무나 감사드립니다. 오늘 하루 출발이 좋은 것만 같은 기분이에요.

패써님들의 편하다는 말씀은 매번 들을 때마다 행복합니다. 편하고, 쉽고, 빠른 서비스로 일상생활에서 언제나 시간 절약 책임질 수 있는 패스오더가 될 테니 성장하는 모습 지켜봐 주세요! 화요일 오후도 힘차게 보내셨으면 좋겠습니다. 감사합니다!

-패스오더, 패써지원팀 고민경 드림"
"https://play-lh.googleusercontent.com/a/ACg8ocKqz1xW_bgZMXBQXNN5uBcRE3aVh1XBr_RV5BzGzWtHiDEWcg=s32-rw-mo","이령","2023년 9월 15일","편하고 좋아요","","",""
"https://play-lh.googleusercontent.com/a/ACg8ocKrKPbsZajuciqIq513qp0BEfplsM_n-1F6uie3SOTpowYHDw=s32-rw-mo","Du Yeong Jin","2022년 7월 27일","매우 간편합니다","PaytaLab","2022년 8월 10일","안녕하세요 Du Yeong Jin 패써님! 패써지원팀입니다.

미리 주문하면 시간 절약도 되고, 기다림 없이 빠른 픽업이 가능하니 이렇게 편할 수가 없죠? 더욱 빠르게 커피 픽업할 수 있는 기능 중 [재주문 할게요]라는 기능도 있답니다. 더욱 빠른 주문을 위해 필요로 하는 최소한의 기능으로만 만들어진 기능이니 매일 똑같은 메뉴를 드신다면 해당 기능을 이용해 보시는 건 어떨까요?
벌써 한 주의 절반인 수요일이네요! 조금만 더 힘을 내면 신나는 주말이 오니 오늘도 활기찬 에너지로 파이팅 하시길 바랍니다. 감사합니다 :)

- 패스오더 패써지원팀 드림"
"https://play-lh.googleusercontent.com/a-/ALV-UjVp3jdcnBIsAPjuTquyAGfxoYNpvgErZbLTAR-hdv6csXrJAW9sJA=s32-rw","정준영","2023년 11월 22일","너무 잘쓰고 있어요","","",""
"https://play-lh.googleusercontent.com/a/ACg8ocKVNxPPVu3yCeLfAXZRYt8VDgl4yOOv0cYt-v9yZXwPHtGwvA=s32-rw-mo","경규민","2022년 8월 28일","기다리지 않아서 좋네요","","",""
"https://play-lh.googleusercontent.com/a/ACg8ocKWI2fnhEYUpN2VF_L7yXvf_l3myk574LwZ1lJCmJ_KuWR8_w=s32-rw-mo","이유원","2023년 9월 2일","잘사용하고있어요","PaytaLab","2023년 9월 5일","안녕하세요, 이유원 패써님! 패스오더입니다.

와, 저희 서비스를 잘 사용 중이신 걸까요! 저도 카페인 없이 살 수 없는 직장인 중 한 명으로, 패스오더를 통해 소중한 출근시간, 점심시간 확보를 쏠쏠하게 하고 있답니다:)

미리 주문하면 시간도 절약되고, 기다림 없이 빠른 픽업 가능하니 정말 편리하죠!

지금 남겨 주신 이 마음이 오래오래 유지될 수 있도록! 지금보다 더 무한한 편리함을 제공해 드릴 수 있도록! 열심히 달려 나가는 패스오더가 되겠습니다!

대한민국 모든 커피 매장과 패써님들이 패스오더를 다 아는 그날까지 묵묵히 열심히 하겠습니다! 지켜봐 주시고 함께해 주세요. 감사합니다:)

-패스오더 드림"
"https://play-lh.googleusercontent.com/a/ACg8ocKqhBcVood-_0J8oIVigNxHbobUIwqSpUEwFyJuBiPwzwphqA=s32-rw-mo","김지현","2022년 8월 28일","너무편하고좋아요","","",""
"https://play-lh.googleusercontent.com/a-/ALV-UjWEmjJ8aQPmf6-Zn9JYg9H0MbdtnjeRPJN6386Bsi8rt0Dsj0wibw=s32-rw","김미선","2022년 8월 30일","너무 편하고좋아요","","",""
"https://play-lh.googleusercontent.com/a/ACg8ocJ2Pp2cQehu3mVptbWskfDf7xHEDvQfxpfZh70AKITTkFCB=s32-rw-mo","jg “skfnxj1004” kang","2023년 2월 7일","편하고좋아요","","",""
"https://play-lh.googleusercontent.com/a/ACg8ocLuU8zTPoLbdqOFcyJq_NB2X2rLZO6jk6xfG_zOlq4ahL3P4w=s32-rw-mo","hyeuk ki jang","2023년 1월 18일","편하고 좋아요","","",""
"https://play-lh.googleusercontent.com/a/ACg8ocJHb7Rc-gQCB6seK1PEg8LFZ1wlhqSzLs_DcfttzBM_kgVVEg=s32-rw-mo","amy k","2022년 7월 4일","시간아끼기에좋아요","PaytaLab","2022년 8월 2일","안녕하세요 amy k 패써님! 패써지원팀 조은빈입니다.

바쁜 시간에 패스오더를 이용해 주시고 소중한 리뷰 남겨주셔서 감사합니다. 1분 1초가 급한 아침 시간에는 주문 내역에서 [재주문 할게요] 버튼 하나로 매일 마시는 커피를 더욱 빠르게 즐길 수 있답니다. 앞으로도 패써님의 아침 커피 주문 시간을 절약해 드릴 수 있도록 노력하겠습니다. 좋은 리뷰 남겨주셔서 감사합니다 :)

- 패스오더 패써지원팀 조은빈 드림"
"https://play-lh.googleusercontent.com/a/ACg8ocKuiOHuIsFJRdNMtb6qz2vhgeeq4uY_vGcdSvKr82WEwc2sow=s32-rw-mo","ASYS","2023년 1월 6일","편해요 진짜 진심","","",""
"https://play-lh.googleusercontent.com/a-/ALV-UjVGMUvhQXdubo4z-ND_YopMJMpZvGpwnGn6NP57vOw0Nc-jkxz2=s32-rw","박단비","2023년 2월 27일","너무너무 좋아요~~","","",""
"https://play-lh.googleusercontent.com/a-/ALV-UjXKKKeexeio431hc_rER1ow1oPjE-9btz5QffZI1z3ti8fzMAY8=s32-rw","강메카트니","2023년 2월 5일","좋네요 아주편리해요","","",""
"https://play-lh.googleusercontent.com/a/ACg8ocJbXhWeARCP2YPCeZmIF88VLz8OIL4F5gMnBIG6iGXznkuYsg=s32-rw-mo","심현영","2021년 7월 25일","편리하네요~~","PaytaLab","2021년 7월 26일","안녕하세요 심현영 패써님. 패써지원팀 고민경입니다.

미소가 지어지도록 남겨주신 리뷰 덕분에 월요일 시작 느낌이 좋습니다!
미리 주문 결제가 가능한 편리하고 안전한 패스오더 서비스로 인해 패써님께서 큰 만족감을 느끼셨다는 말만큼 보람찬 말은 없으니까요.

남겨주신 관심과 사랑을 두 배, 세 배로 되돌려 드리기 위해 언제나 노력하고 발전하는 패스오더가 되겠습니다. 다양한 이벤트도 기획 중이니 기대해주세요!
새로운 한 주가 시작되는 오늘, 에너지 넘치는 일주일 보내시길 바랍니다:) 감사합니다.

-패스오더, 패써지원팀 고민경 드림"
"https://play-lh.googleusercontent.com/a/ACg8ocIYcNUS2XFoGxPw4_vumuRYO4Bc3GH1qYZ85psKkiMfn1BzlA=s32-rw-mo","박대현","2023년 10월 24일","커피살때 짱좋음","","",""
"https://play-lh.googleusercontent.com/a-/ALV-UjUbpDGhBUUuSzWPU1r1fM4TLCC6XuCQgo88-TfRNuZAQfpZuwB_=s32-rw","mumu. jjy","2021년 8월 31일","편리하네요","PaytaLab","2021년 9월 5일","안녕하세요 mumu. jjy 패써님. 패써지원팀 고민경입니다

깔끔하고 편리한 인터페이스를 제공하기 위해 밤낮으로 고군부투하는 팀원들이 가장 듣고싶어하는 말이 아닐까 싶습니다. 얼른가서 패써님의 리뷰를 저희 팀원들과 공유해야겠어요~!

좋은 인터페이스란, 사용자에게 편리함을 주는 것이라고 하는데, 저희가 가진 기능들을 더 잘 이용하실 수 있도록 계속해서 발전하겠습니다. 모바일 주문 앱을 떠올렸을 때 패스오더가 가장 먼저 생각나는 그 날 까지요:) 다시 한번 소중한 시간 내어 리뷰 작성해 주셔서 감사합니다:)

월요일 오늘의 시간들 행복함이 가득하시기 바랍니다!

-패스오더, 패써지원팀 고민경 드림-"
"https://play-lh.googleusercontent.com/a-/ALV-UjWJwWpfiabpZmmGPZL5q8Pe2BWVsjKi5FMnpnn_2ulHcpm7SirN=s32-rw","김창은","2022년 10월 11일","너무 편해요~~~","","",""
"https://play-lh.googleusercontent.com/a-/ALV-UjWnl0jzubY53cSke-M9xkPSzbcbUhhgHc20hB1M6bZvoeG5_e6N=s32-rw","홍프로 (님)","2023년 7월 7일","너무편하고 좋네요","","",""
"https://play-lh.googleusercontent.com/a-/ALV-UjVDuPdrdWhyyVdP-lrF_NLNSDAM6HdkW29Sjb6Mv7Pw1zf6K0Sx=s32-rw","김경현","2023년 3월 7일","일단은 처음 써봄. 괜찮은듯 함","","",""
"https://play-lh.googleusercontent.com/a/ACg8ocIK3qxQXLLJRtL01skq3t6BJG8rZoAQZFVQEigjDmErB5xWuA=s32-rw-mo","전민기","2023년 4월 6일","완전편리 가성비까디 굿굿","","",""
"https://play-lh.googleusercontent.com/a/ACg8ocKTM30gUnPTSApWcgSrIU-O5eXaPyTmSmONrOuOB2BEL1Up0g=s32-rw-mo","전성수","2023년 6월 22일","너무 유용해요","","",""
"https://play-lh.googleusercontent.com/a-/ALV-UjXEY8agaJKXJJHMw_unrTE-6A0PlFGalTN46JicHvPv7EiHyck=s32-rw","백오 (백오)","2023년 9월 24일","편해요 좋아요","","",""
"https://play-lh.googleusercontent.com/a-/ALV-UjUrOsR-rrsJtdSOOeexjbqORX-lqzpZEMV4Fq36E3v36Ek_-Hs=s32-rw","정스나이퍼","2022년 4월 18일","굿 써보니까 좋으네여","PaytaLab","2022년 5월 1일","안녕하세요 정스나이퍼 패써님. 패스오더 패써지원팀입니다.

패스오더 사용해보시고 귀한 시간을 내어 리뷰까지 작성해주시다니 정말 감사드립니다. 패스오더는 패써님들의 관심과 사랑으로 성장해나가고 있답니다. 사용하시면서 편리한점, 개선점, 불편한 점 등등 어떠한 의견도 패스오더가 성장하는 데에 중요한 밑거름이 된답니다.

좋은 의견이 있으시다면 언제든지 패스오더 앱 [문의하기]를 통해 남겨주신다면 빠르게 확인 후 답변 드릴 수 있도록 할게요

날씨가 화창한 일요일, 패써님의 하루는 어떠셨나요? 날씨 만큼이나 화창하고 여유로운 오후 보내시길 바라겠습니다.

-패스오더, 패써지원팀 고민경 드림."
"https://play-lh.googleusercontent.com/a/ACg8ocL18exIus8XHBHaVln6SC0GXmNa7ceH6U1oizgGsiEQ5-r3rA=s32-rw-mo","김병수","2022년 10월 14일","잘 사용하고 있습니다","","",""
"https://play-lh.googleusercontent.com/a/ACg8ocI984sPwsumqaoHZ5mjkjYW-wquMRqFbAO5AkxQpeyXv5OZ4Q=s32-rw-mo","SJ Yum","2023년 2월 20일","삶의 질이 올라가고 있습니다","","",""
"https://play-lh.googleusercontent.com/a/ACg8ocKVNe_k5-uhCO-8g2MBBqJuQsVAS3khiWu1jJ6vb3EPuvKVTw=s32-rw-mo","설반장","2022년 9월 26일","사용허기 편해요","","",""
"https://play-lh.googleusercontent.com/a/ACg8ocLwp7sbM3a5TDC35GaMp-bUlxQNV-K3dEqohQEh7pIfmOsTQQ=s32-rw-mo","김민성","2023년 9월 29일","만족해요.조아요","","",""
"https://play-lh.googleusercontent.com/a/ACg8ocLHu-UeEa3cF-QTNeb6gzF5NyFd3Bj4k4S1ItN09AzOfyXf=s32-rw-mo","BK j","2022년 6월 28일","너무 편해요","PaytaLab","2022년 7월 29일","안녕하세요. BK j 님! 패스오더 패써지원팀 김수진입니다.

주문부터 결제까지 1분도 소요되지 않는 스마트한 패스오더 서비스가 만족스러우셨다니 너무 기쁩니다.
패써님께서도 불편함 없이 패스오더를 잘 사용해주실 수 있도록 끊임없이 달려가겠습니다!
이용하시면서 불편한 부분이 있다면 언제든지 앱 내 문의하기를 통해 패스오더로 알려주세요. 패스오더는 패써님의 소중한 피드백을 통해 더욱 성장한답니다. 감사합니다:)

-패스오더 패써지원팀 김수진드림"
"https://play-lh.googleusercontent.com/a-/ALV-UjXKpJRP3P737dLJulzolDqBy2Lrjy0DYbEvAB6iftR6LLkmmckl=s32-rw","김민정b","2022년 2월 27일","67프로에서 설치가멈췄는데 어떻게해야하나요?","PaytaLab","2022년 3월 2일","안녕하세요 김민정 패써님. 패써지원팀 고민경입니다.

겪으셨던 불편함에 빠르게 응대해드리지 못한 점 정말 죄송하다는 말씀드립니다. 지금도 계속해서 설치 또는 접속이 불가한 상황인 걸까요? 설치가 되지 않아 많이 당황하셨을 듯 합니다.

앱을 완전히 종료 하고 다시 한 번 접속을 시도해주실 수 있을까요? 업데이트가 진행되지 않는 원인을 파악하기 위해서는 유관부서로의 확인이 필요할 것으로 보입니다.

번거로우시겠지만 help@passorder.co.kr로 연락처와 함께 해당 현상을 캡쳐 후 전송해주실 수 있을까요? 담당부서에서 최대한 빠르게 확인 후 답변 드릴 수 있도록 하겠습니다.

-패스오더, 패써지원팀 고민경 드림"
"https://play-lh.googleusercontent.com/a/ACg8ocJ81OykKA-bsq28i4PWXQoU6f5rAhE3VRB_8VHw6dgATWGSUg=s32-rw-mo","HJ Jo","2023년 4월 14일","최고에요 개발자님 감사합니다","","",""
"https://play-lh.googleusercontent.com/a-/ALV-UjU2T_f1pn8f0fOTTBMfvl3BmYXRwnNPLTsaDxz7au0lIW1rxuN56Q=s32-rw","SuYoung Kim","2023년 4월 25일","네이버페이도 되게 해주세요 ^^","PaytaLab","2023년 12월 22일","안녕하세요, SuYoung Kim패써님!

오랜만에 인사드려요. 패스오더입니다. 다름이 아니라 이전에 네이버페이 결제도 가능했으면 좋겠다고 말씀해 주신 의견이 반영되어 연락드렸어요! 이제는 네이버페이를 포함한 일반카드, 카카오페이, 삼성페이, 페이코, 애플페이, 토스페이, 패스머니로도 결제 가능하니 이용에 참고 부탁드립니다! 저희 패스오더는 항상 패써님들께서 남겨 주신 리뷰를 모니터링하고 있답니다. 더딜 수 있더라도 말씀 주시는 소중한 의견들을 꼭 반영해 나갈 수 있도록 노력하겠습니다. 추운 날씨 감기 조심하시고 따뜻한 크리스마스 보내세요. 감사합니다:)

-패스오더 드림"
"https://play-lh.googleusercontent.com/a-/ALV-UjWmad8ZMW-af1l334U1bMBtJLkj0O2-mQfP71NgdsbBcrTSJjc=s32-rw","World Lee","2022년 12월 19일","너무 좋네요","","",""
"https://play-lh.googleusercontent.com/a/ACg8ocKzbw7KbFwwDSVW3RkXgiVIUgjcn8bp510IHGZ4aVChdnTE8g=s32-rw-mo","Raffaella Han","2023년 2월 27일","빻하서 좋네요 ㅎ","","",""
"https://play-lh.googleusercontent.com/a/ACg8ocIn4c3QaoP9EGwUc2PhwfZXtCawMbIJDCtS2kXPduLHUcqLPQ=s32-rw-mo","이상수","2021년 9월 11일","편리하네요","PaytaLab","2021년 9월 14일","안녕하세요 이상수 패써님. 패써지원팀 고민경입니다.

미리 주문하면 시간 절약도 되고, 기다림 없이 빠른 픽업 이렇게 편할 수가 없죠? 이제 날씨가 더워질수록 시원한 음료를 더 많이 찾게 되실텐데, 앞으로도 패스오더가 조금 더 편한 일상을 만들어드릴 수 있기를 기원합니다. 패써님의 시간 절약은 바로 패스오더가 책임지겠습니다.

요즘엔 일이 바빠서 한 주가 어떻게 지나가는지 모르겠네요. 남은 화요일 오후 힘차고 즐겁게 채워가셨으면 좋겠습니다. 감사합니다!

-패스오더, 패써지원팀 고민경 드림"
"https://play-lh.googleusercontent.com/a-/ALV-UjV_Wcf4x7fQdjcfkIWyxstJx7r15JD1DWzZWNv8QbvASl9Z2WLo=s32-rw","닷발","2023년 4월 27일","좋아용 굿굿","","",""
"https://play-lh.googleusercontent.com/a/ACg8ocJLieXpAfhcAL1vwok_eTnPANtYL15Ulr9Kd9uQlvXYEN1EYg=s32-rw-mo","신영욱","2021년 7월 16일","재밌네요 새로운 경험이네요","PaytaLab","2021년 7월 16일","안녕하세요 신영욱 패써님. 패써지원팀 고민경입니다.

새롭고 재미있는 경험을 안겨드릴 수 있어 행복합니다. 패써님들이 패스오더를 사용하고 나서 ""반하게하자! 그리고 찐팬으로 만들자!"" 가 저희의 목표랍니다:)
간절한 목소리가 닿은걸까요? 이렇게 긍정적인 리뷰를 남겨주셨다는 건! 소망이 이루어질 것만 같은 기분입니다. 패써님들이 주시는 칭찬의 말씀은 매번 들을 때마다 좋은 것 같습니다.
편하고, 쉽고, 빠른 서비스로 일상생활에서 언제나 시간 절약 책임질 수 있는 패스오더가 될 테니 성장하는 모습 지켜봐 주세요! 남은 금요일 오후도 힘차게 보내셨으면 좋겠습니다. 감사합니다:)

-패스오더, 패써지원팀 고민경 드림-"
"https://play-lh.googleusercontent.com/a/ACg8ocIMY1lbeIml9mTMalBfgxnlIeXK9znfLNAS7xmENHXSis-fZw=s32-rw-mo","레드캠핑&낚시 (molaima)","2021년 12월 30일","포인트는 와이프 전번인데 어찌하나요????","PaytaLab","2021년 12월 31일","안녕하세요, 패써님. 패써지원팀 고민경입니다.

패스오더 매장적립 시스템의 경우 매장 방문 시에 매장/사장님께 별도로 적립요청을 하지 않더라도, 결제 즉시 앱 내로 방문했던 매장 포인트를 적립하실 수 있도록 세팅된 기능이랍니다! 로그인 된 계정 정보로 자동 적립이 완료됩니다.

매장에서 사용하고 계시던 기존 적립시스템과는 별개로 진행되며, 앱 내로 합산 또는 연동 역시 불가한 점 안내드릴게요.
계속해서 패스오더 자동적립 시스템은 업데이트 해나갈 예정입니다. 문의 사항 있으시다면 다음 이메일 주소 help@passorder.co.kr 로 연락주시면 감사하겠습니다. 오늘도 좋은 하루 되세요!

-패스오더 패써지원팀 드림."
"https://play-lh.googleusercontent.com/a-/ALV-UjXdJCJft5DT0G_xyMgivJ58O4pIgMfKTbN_96cxFLIHNHEfQJBj=s32-rw","연한고기","2023년 1월 6일","잘 쓰고 있는중","","",""
"https://play-lh.googleusercontent.com/a/ACg8ocLNGmCNB43toeSKzsiXs25pqpdg61gScHB2FuoAJHLfZxmD2w=s32-rw-mo","최선호","2022년 1월 1일","너무편해요","PaytaLab","2022년 1월 5일","안녕하세요 최선호 패써님. 패써지원팀 고민경입니다.

편하게 이용하시고 계실 패써님의 모습을 상상하니 기분이 절로 좋아집니다! 기다리지 않아도 되는 편리함만큼 매력적인 건 또 없죠:)
저는 요즘 날씨가 추워져서 그런지 매장 별로 따뜻한 라떼 마시기에 푹 빠져 있답니다. 나름 까다로운 미식가가 되는 기분이라 재미가 쏠쏠하네요!
패써님의 맛있고 편리한 커피생활을 위해! 다니시는 동선에 있는 모든 매장에서 패스오더를 발견하실 수 있도록 성장하려고 합니다.

앞으로도 지켜봐 주시길 소망합니다! 에너지 넘치는 수요일 보내시길 바랍니다. 감사합니다!

-패스오더, 패써지원팀 고민경 드림"
"https://play-lh.googleusercontent.com/a/ACg8ocKSoQ2g-_S3L1enKYFaEwEX226ttiuq5hcNZyl49GQkcDVV9w=s32-rw-mo","박은주","2023년 1월 2일","편해서 좋아요","","",""
"https://play-lh.googleusercontent.com/a/ACg8ocJw5P7jRRfAgqf15BZdp6HnvdWPzBnR9g2RiAOwb4kMLs7enw=s32-rw-mo","이승환","2022년 9월 3일","아주 좋아요","","",""
"https://play-lh.googleusercontent.com/a-/ALV-UjUfhFkIs-NUu0rbzEoFmJ5FSU3EksKEkXkk7l_l6h2De178yLo=s32-rw","서아진","2023년 1월 7일","아주편해요~!!!","","",""
"https://play-lh.googleusercontent.com/a/ACg8ocJxhHC6XnmVXSClUV-oAp9WjcySPAisGkKtMZsSsWIMtDe9_w=s32-rw-mo","박명훈","2021년 10월 31일","편하네요~^^","PaytaLab","2021년 11월 2일","안녕하세요 박명훈 패써님. 패써지원팀 고민경입니다.

미리 주문하면 시간 절약도 되고, 기다림 없이 빠른 픽업까지 할 수있는 패스오더! 이렇게 편할 수가 없죠? 더욱 빠르게 음료를 픽업할 수 있는 패스오더의 기능 중 [재주문 할게요!]라는 기능이 있답니다.
매일 똑같은 메뉴를 먹는데, 다시 고르기 힘드셨죠? 재주문하기 위해 필요한 최소한의 기능만 추가하여 만들어진 기능이니 사용해 보시고 더 맛있게 음료를 즐기셨으면 좋겠습니다.

일도 많고 정신없는 화요일이지만 커피 한잔의 여유는 가지셨으면 좋겠어요. 오늘도 화요팅입니다! 감사합니다.

-패스오더, 패써지원팀 고민경 드림"
"https://play-lh.googleusercontent.com/a/ACg8ocL07E2I4nq28VYM3jgIomgMspfbsfrkpE2ln_Bfj5uZBN1MFA=s32-rw-mo","Dong Ki Jeong","2023년 10월 16일","매우 좋아요","","",""
"https://play-lh.googleusercontent.com/a/ACg8ocL0tF87pFAZkbRwD97AjWxivElX5z8BENabbL5T3vE3gf08-g=s32-rw-mo","손성우","2022년 10월 17일","너무좋아요","","",""
"https://play-lh.googleusercontent.com/a/ACg8ocL5LArsIooKKPY6XLLtblZvSWZPHWlsyWqy8pPVQFl51SiFlaQ=s32-rw-mo","탁일곱","2023년 4월 21일","너무좋은 앱","","",""
"https://play-lh.googleusercontent.com/a-/ALV-UjVqA2YGDbq3obg6ewI2sxf2lWYZYwN8O7lrINAJSp1CojtZXgu2gQ=s32-rw","23 1 (‪쿠쿠다스‬)","2023년 3월 22일","패스오더 못잃오°°","","",""
"https://play-lh.googleusercontent.com/a/ACg8ocLQQ0zjAv4mKQtRkV_SUGWGo21Z8REIienU1A3yBBpdqbaa=s32-rw-mo","이임준","2022년 9월 9일","잘 쓰고있어요","","",""
"https://play-lh.googleusercontent.com/a/ACg8ocJpRRWUUM4Nxhxb7IUXs8cHf0ck_Rp2eHypqe-66-qqxQYlhw=s32-rw-mo","김하루","2022년 5월 20일","잘쓰는즁 존좋","PaytaLab","2022년 6월 3일","안녕하세요 김하루 패써님, 패써지원팀 손지혜입니다.

미리 주문하면 매장에 먼저 오신 손님보다 먼저 수령할 수 있는 점! 편리하게 사용중이실까요~? 저희 서비스의 취지에 맞게 패써님께서 잘 이용해주시고 계시니 정말 뿌듯하고 행복하답니다:)

패써님께서 믿고 칭찬해주신 만큼 계속해서 성장하는 패스오더가 되도록 노력하겠습니다.

패써님의 하루가 온종일 행복한 에너지로만 가득 차시길 소망합니다. 감사합니다.

-패스오더, 패써지원팀 손지혜 드림"
"https://play-lh.googleusercontent.com/a/ACg8ocJVt3I7j1UnpsGmQJkOsWERqZSjg6AAKIqkhN4iyiOtkC-Q=s32-rw-mo","효도다HyoDoDa","2022년 3월 25일","100원으로 아아 먹었어요 굳굳","PaytaLab","2022년 3월 30일","안녕하세요, 효도닷Vlog 패써님. 패써지원팀 고민경입니다.

기다림 없이 미리 주문하고 바로 픽업하는 패스오더, 저희 서비스의 진면목을 알아봐주시고 이렇게 글까지 남겨주신 점 너무나 감사드립니다. 힘이 솟아나는 리뷰에요! 현재 패스오더 첫 주문 고객님들을 대상으로 진행 중인 100원 아메리카노 행사에 참여해주신걸까요?

첫 사용을 해주시고, 별 다섯 개까지 남겨주시다니! 찐팬이 되주실 것만 같은 기분 좋은 예감이 듭니다:) 패스오더는 바쁜 일상에 조금이나마 여유를 더해드리기 위해 늘 최선을 다하고 있답니다. 더 성장하기 위해 노력하는 모습을 지켜봐주셨으면 좋겠습니다! 감사합니다.

-패스오더, 패써지원팀 고민경 드림"
"https://play-lh.googleusercontent.com/a/ACg8ocI5KTQFyIS-FNFeWg9USFTuvUR_HbVRr6fJrEezrMeH9mthWQ=s32-rw-mo","SangSu Kim","2022년 3월 29일","잘쓰고있어요","PaytaLab","2022년 4월 14일","안녕하세요 김상수 패써님. 패써지원팀 고민경입니다.

패스오더를 잘 써주고 계신다니 정말 다행입니다. 바쁜 일상을 보내다 보면, 소소하지만 확실한 행복을 챙기는 것이 크게 와 닿을 때가 있어요! 패스오더가 패써님의 소확행이 되어, 최애 어플이 되었으면 하는 바람입니다. 편하고, 쉽고, 빠른 패스오더로 일상생활에서 언제나 시간 절약 책임질 수 있는 패스오더가 될 테니 성장하는 모습 지켜봐 주세요.

혹시 패스오더가 더 궁금하시거나 추가되었으면 하는 기능이 있다면 언제든지 피드백 부탁 드려요! 오늘도 좋은 하루 보내시고, 활기찬 오후 보내시길 바랍니다.

-패스오더, 패써지원팀 고민경 드림"
"https://play-lh.googleusercontent.com/a/ACg8ocJIynCQHoGwfH1W2OkKqfnceu7WQLzUJ7bkJFoqFoP0-pOUvA=s32-rw-mo","정보배","2023년 11월 21일","커피순이의 인생앱","","",""
"https://play-lh.googleusercontent.com/a/ACg8ocJuwHW3w681VI3_UbwuISA2yJ4P09MO-bwIE2JYlhdKvAifYw=s32-rw-mo","최유리","2022년 7월 12일","편리해요","PaytaLab","2022년 8월 3일","안녕하세요 최유리 패써님! 패써지원팀 조은빈입니다.

패스오더 서비스를 편리하게 이용하고 계신다니 정말로 기쁩니다 :) 앞으로 꾸준히 패스오더 서비스를 향상 시켜 대한민국 전 국민이 패스오더를 사용하는 그날까지! 더 열심히 하겠습니다.
오늘 벌써 수요일이네요..! 조금만 있으면 꿀 같은 주말이 기다리고 있습니다. 남은 한 주도 잘 마무리하시길 바라며 행복한 웃음이 가득한 하루 되셨으면 좋겠습니다. 감사합니다 :)

- 패스오더 패써지원팀 조은빈 드림"
"https://play-lh.googleusercontent.com/a-/ALV-UjXyuUL_5bULSx6MfAtob3hIgLTdIJssYX3TX7dXFjwg-xAmFA=s32-rw","조성진 (APPLE)","2023년 11월 30일","좋아요 편함","","",""
"https://play-lh.googleusercontent.com/a/ACg8ocLZ_AazN53GlZaMGvN5i08GPA6EtMrsELUtOxCqmbVqCiMu0g=s32-rw-mo","하태훈","2023년 12월 6일","유용해요","","",""
"https://play-lh.googleusercontent.com/a-/ALV-UjVRRpwz0ZXwbqtSYHvr1JBPoE0xC5XQ8BbtGUbb5O8FieOwxGY_=s32-rw","다시마","2023년 5월 1일","좋아요 정말","PaytaLab","2023년 5월 2일","안녕하세요, 다시마 패써님 패스오더입니다!

유용한 커피 주문 앱 패스오더를 잘 이용해 주시고 ""좋아요""라는 기분 좋은 말씀 남겨 주셔서 감사드립니다 :)

다만, 평점 별이 한 개만 남아 있는 것으로 확인되는데 혹시 이용에 어려움이 있으신 걸까요? 어려움이나 불편하신 사항은 언제든 앱 하단 [패스오더와 더 친해지기>문의하기]로 글 남겨 주신다면 더욱 정확하게 확인 후 안내드리고 개선해 나갈 수 있도록 하겠습니다!

계속해서 남겨 주시는 소리에 귀 기울여 불편함 없는 좋은 서비스가 되도록 노력하는 패스오더가 되겠습니다! 감사합니다 :)

-패스오더 드림"
"https://play-lh.googleusercontent.com/a-/ALV-UjWQo7kSktcHCq-a_w8efuqdMh0Has6ZBCWe8aS4wkdx4mIWxbM=s32-rw","오재식","2023년 2월 19일","무료라 좋아요","","",""
"https://play-lh.googleusercontent.com/a/ACg8ocJj7ckkfKkh9febVM-NjiAGzxqzhmwxZVlcC0kEcVoSav5dnA=s32-rw-mo","노마까미두리파파","2023년 1월 8일","엄청편해요","","",""
"https://play-lh.googleusercontent.com/a/ACg8ocJdViR1qs_lmXnnjRUfv8DMHzRnqe8FJm02S-zw0BYKdExSlQ=s32-rw-mo","천상천국","2023년 3월 3일","참 좋네요","","",""
"https://play-lh.googleusercontent.com/a-/ALV-UjW009qT4wvyH63nqFeisNFKYE2WczDaGXGT1vBqZUdxfcGftos=s32-rw","링링구","2022년 2월 17일","오 이벤트꿀!!","PaytaLab","2022년 2월 18일","안녕하세요 링링구 패써님. 패써지원팀 고민경입니다.

이벤트를 통해서 패스오더와 인연이 닿은 패써님이시군요:) 정말 반갑습니다. 카페에서 기다리지 않고, 미리 주문-결제로 맛있는 커피를 드실 수 있는 스마트한 패스오더 라이프를 선물해드리고 싶어요! 추운 날씨에는 더더욱 유용하게 느껴지실 거라고 믿습니다.

많은 패써님들이 보내주시는 사랑과 관심에 불편함을 안겨드리지 않도록 더욱 좋은 서비스로 발전하는 패스오더가 되겠습니다. 달달한 꿀 같은 리뷰 남겨주셔서 다시 한 번 감사드려요! 금요일입니다. 조금만 더 힘내세요.

-패스오더, 패써지원팀 고민경 드림"
"https://play-lh.googleusercontent.com/a-/ALV-UjVp463zuASOwsDCu8O82mZmS1dcalnXc05aAzbftF2PX53_CuM=s32-rw","텐베거","2023년 12월 2일","굿굿 편해요","","",""
"https://play-lh.googleusercontent.com/a-/ALV-UjV_7HjQ4ulB_NrdAYwDYcVymLy1TosARAkDcfZyoxxRHT8sErE=s32-rw","지후사마","2021년 9월 7일","편리해요","PaytaLab","2021년 9월 7일","안녕하세요 지후사마 패써님. 패써지원팀 고민경입니다.

‘필요한 사람에게 적재적소의 서비스를 제공해드리고 있다!’는 뿌듯함으로 어깨가 절로 들썩이는 리뷰를 남겨주셨네요. 기다림 없는 간편한, 비대면 시대의 필수 어플 패스오더를 이용해주셔서 저희가 더 감사하다는 인사를 드립니다. “이런 기능도 있으면 좋을텐데”, “추가되면 참 좋겠다” 하는 목소리들도 언제든 환영입니다!

더디지만 반영해가는 모습을 보여드리기 위해 패스오더팀은 항상 오늘도 달리고 있답니다! 오늘 남은 하루도 기운넘치는 시간 되시길 바랍니다. 감사합니다!

-패스오더, 패써지원팀 고민경 드림"
"https://play-lh.googleusercontent.com/a-/ALV-UjV-2yeCHA-JKbEauNFkAsJRU_e1OME8EDZC0x3IzlqXKdCsZCkc=s32-rw","성이름","2021년 9월 6일","좋네요ㅎㅎ","PaytaLab","2021년 9월 7일","안녕하세요 최문석 패써님. 패써지원팀 고민경입니다.

저는 “말하지 않아도 알아요” 라는 말보다, 표현을 많이 하는 것이 더 좋다고 생각하는 편이라, 좋아요 라고 나지막히 말씀해주시는 최문석 패써님의 리뷰 덕분에 입꼬리가 올라갑니다.
어떻게 하면 조금 더 편하게 패스오더를 이용하고, 손쉬운 결제과정을 만들 수 있을까를 매순간 고민하고 힘써주시고 계시는 패스오더 팀원들에게 좋다고 칭찬해주시는 패써님의 리뷰를 당장 보여드려야겠습니다.

다시 한번 소중한 시간 내어 리뷰 작성해 주셔서 감사하다는 말씀 전해드리며, 화요일 오후 남은 시간들 행복함이 가득하셨으면 좋겠습니다.

-패스오더, 패써지원팀 고민경 드림-"
"https://play-lh.googleusercontent.com/a/ACg8ocK_o2MGa_cAj_OQdMTKk6PTYE9TykCISu17wwjlBOlT_QIUvA=s32-rw-mo","최은호","2023년 10월 7일","출발전 굳","","",""
"https://play-lh.googleusercontent.com/a/ACg8ocIX4sRAGJjRhS3n4_ndcFCFUfEyFiO86zFTTEeKNP7Dg-dOWg=s32-rw-mo","만수르 동생만수","2025년 11월 1일","굿","","",""
"https://play-lh.googleusercontent.com/a/ACg8ocLOncnKAaAG0GJOtxRZaA7GqMKRgWl-vYDL5ImCbldGaOBlIA=s32-rw-mo","김정화","2024년 1월 24일","넘좋아요","","",""
"https://play-lh.googleusercontent.com/a-/ALV-UjW5pVqBsPM2OO_aU_JfTiwfUMAmoevpMdfGmO-M_4tmNhRnLoor=s32-rw","가로세로TV [Length and Breadth]","2024년 1월 5일","좋아요","","",""
"https://play-lh.googleusercontent.com/a/ACg8ocKFgvSw9eWXvBhh7WXarDuBDgag4NcxLuxacBm1LkQwTppezQ=s32-rw-mo","함선호","2023년 12월 28일","굿","","",""
"https://play-lh.googleusercontent.com/a/ACg8ocJEgVZBHAllMI0Z5mGDCEeRb-FPimXVVR6yHXXoLbGdfbKlWQ=s32-rw-mo","김병흭","2023년 12월 13일","편해요","","",""
"https://play-lh.googleusercontent.com/a-/ALV-UjXLWTJ_3KK4qbcnPzSsoZFC4xFatWolE8k4KaSVqSgP9_DMSZiq=s32-rw","까불이 찐우","2023년 12월 12일","좋은데요","","",""
"https://play-lh.googleusercontent.com/a/ACg8ocLpv9hB8g02CjIZJvZuEej6sKEg99I6plDcJAzMJUtw7EU-kg=s32-rw-mo","K C","2023년 12월 12일","편해요","","",""
"https://play-lh.googleusercontent.com/a-/ALV-UjWh28Z4LgqdZlnEv4BM9Eq_Z8Af-pnOBiYROUlBek79vwNUoMre=s32-rw","해름이","2023년 12월 6일","좋아요","","",""
"https://play-lh.googleusercontent.com/a/ACg8ocIv77Vx4yNvag622e6TF8WhK4b-PeisjDVE6YWO_DnosfSJ2Q=s32-rw-mo","신의한수","2023년 12월 9일","굿","","",""
"https://play-lh.googleusercontent.com/a/ACg8ocIPuN4Bb3lpR_OfHMmdmATUrk0ERfTUIq7FCzXYRoLB6f8PIg=s32-rw-mo","김우섭","2023년 11월 23일","굿","","",""
"https://play-lh.googleusercontent.com/a-/ALV-UjVhRyqPSKounXJ7-eNLMdG0RLtLVJlh55msipyvteDR8zlVGust=s32-rw","박호준","2023년 11월 19일","최고예요!!","","",""
"https://play-lh.googleusercontent.com/a/ACg8ocJ_tF0A618tMU7alJj-EPcCHWUGSFGGnqSHepiNW_DlouiinA=s32-rw-mo","황경희","2023년 11월 25일","편함","","",""
"https://play-lh.googleusercontent.com/a/ACg8ocITTlkUMDgbCoEyIIcZwj1uD-V6XJWcHMNTjkHhrgPmtob1mw=s32-rw-mo","어이달","2023년 11월 24일","그냥 👍","","",""
"https://play-lh.googleusercontent.com/a-/ALV-UjUCJwnTP54TAw5Oh35iR7bltX8NBZkVKZ0iFaQpbWMAFhDHyg5gLQ=s32-rw","규몽이","2023년 11월 12일","세상 편함","","",""
"https://play-lh.googleusercontent.com/a/ACg8ocJZIZQytHuja_dviSmGAF7U9AuA1ltV7JJ61bzYVr8yGaJmvw=s32-rw-mo","달빛속태양","2023년 11월 5일","편함","","",""
"https://play-lh.googleusercontent.com/a-/ALV-UjV7PCmmcb7EaTooz76ME6wPhKZ6vmcuUQ76dcsJRYO7ijk0tr4=s32-rw","쩌가찝찌킨","2023년 10월 30일","좋습니다","","",""
"https://play-lh.googleusercontent.com/a/ACg8ocI5jF7k6ozdqYO90kjBSw8B-w-qHB6oGZvCYMr1uED1qHsgaw=s32-rw-mo","윤성준","2023년 11월 1일","굿","","",""
"https://play-lh.googleusercontent.com/a/ACg8ocKMO7nnoQxiMNTNERoYS-IXwcRFdFIncdxej4O0mBSES12rCA=s32-rw-mo","박명갑","2023년 11월 2일","좋아요","","",""
"https://play-lh.googleusercontent.com/a/ACg8ocL0-vvgYplY_OcxrhPbT8hwVR1e5WZ6bmKXieQL7dC-RsI1Vg=s32-rw-mo","이승재","2023년 11월 3일","좋네요","","",""
"https://play-lh.googleusercontent.com/a/ACg8ocIauD6BXx9PYuVBFkplVRzwZYDJqmTOB9NSliqVrN6KtpFAYA=s32-rw-mo","캡틴","2023년 10월 22일","감사합니다","","",""
"https://play-lh.googleusercontent.com/a/ACg8ocLQvO02H4rTUwVSgCT8_cxC61cPKcJ1_OqlawLg2IeRE0G_iA=s32-rw-mo","박수연","2023년 10월 26일","굿!!!!!!!!!!!!!","","",""
"https://play-lh.googleusercontent.com/a-/ALV-UjVjkSfS1X85dGQbIZuv0WNVD7AIX7_9H0O52VnlVS7S_can0RRQhw=s32-rw","3 silver","2023년 10월 10일","좋아욥","","",""
"https://play-lh.googleusercontent.com/a-/ALV-UjU8N2kWchyLBJHtQBfyaBOEKiEmWGLIiqIjwJ4CV5zZwOpjgApv=s32-rw","백채이","2023년 9월 23일","편함","","",""
"https://play-lh.googleusercontent.com/a/ACg8ocIR15mfYK4PZVtS46vMAJ8sDHjTQ0or3YI95Cs4rx93IQNs8g=s32-rw-mo","김창희","2023년 10월 6일","편함","","",""
"https://play-lh.googleusercontent.com/a/ACg8ocLvm1E4JGzl0PDMXOQAMoYvw39344xqTWToKEK_TAJhKn9VgQ=s32-rw-mo","남윤동효","2023년 10월 6일","좋아요","","",""
"https://play-lh.googleusercontent.com/a-/ALV-UjVRqLtb3deiWGBSpbMT_xgtvPjMlK0aXRvvnJbPpWKDt1X5VaAq=s32-rw","잠파","2023년 9월 29일","편해요!","","",""
"https://play-lh.googleusercontent.com/a/ACg8ocJuGXZqgDllInhFZ5vk2NV62Aym_ot8NA4-NhV5pi5HauEt1A=s32-rw-mo","쀼쀼링","2023년 9월 1일","편리합니다","","",""
"https://play-lh.googleusercontent.com/a-/ALV-UjVV_oPZDxiIgUgFHrnW7iu7BdKzSOPT62givZ-3KL3X8UY6v39r=s32-rw","이름","2023년 9월 18일","아주 ~ 나이스!","","",""
"https://play-lh.googleusercontent.com/a/ACg8ocKwkh1t4fqtUeGxYKbvRnSqffXYlST5UenNabVlYb5UrJkGbg=s32-rw-mo","박현수","2023년 10월 10일","완전만족","","",""
"https://play-lh.googleusercontent.com/a/ACg8ocJHI-GihYjyJ1CBb-pbgQM2x6qrbzq8gZUpN2Yl1Ps8d6xi2g=s32-rw-mo","이동수","2023년 9월 10일","대박나세요","","",""
"https://play-lh.googleusercontent.com/a/ACg8ocIszgO0FpN66LkfhwkB2Vk6BSiCsSE9lxR1MSCchfKesA9_8Q=s32-rw-mo","윤관식","2023년 9월 4일","좋아요","","",""
"https://play-lh.googleusercontent.com/a/ACg8ocLJVrBAwCo9b8S7e27UZom9yDJB2_-ElIVg2umBhgwnNv6B0A=s32-rw-mo","문기오","2023년 9월 9일","편해요","","",""
"https://play-lh.googleusercontent.com/a/ACg8ocIbd24nhSsgNC6xE5vI1u3LQ3-PIZnyLvag9dooU_F8qAcZCw=s32-rw-mo","우세현","2023년 9월 12일","편해용","","",""
"https://play-lh.googleusercontent.com/a/ACg8ocLwnxh8mOkVxeuPazx08r00eVYohHaacHKo35-8nM7C1Ch0kQ=s32-rw-mo","임창범","2023년 8월 14일","최고~","","",""
"https://play-lh.googleusercontent.com/a/ACg8ocLiL6yzc9Yi2CrtGeTFgdbSl3Zt0Llj1njRy8Hf9Ty_R5_qcQ=s32-rw-mo","Je Shin","2023년 8월 16일","좋야요","","",""
"https://play-lh.googleusercontent.com/a/ACg8ocIOnac-gLHbhbWOkbqhB7izlQTn5t65MPBT_-I0ZWAQu2orAw=s32-rw-mo","강주영","2023년 8월 1일","최고에요","","",""
"https://play-lh.googleusercontent.com/a/ACg8ocLmmOtC8gMTPIk7eo1Aweg1Uu5q4-8uS1ZQjWYpBgTu_BiI7A=s32-rw-mo","이문화","2023년 8월 7일","굿 입니다","","",""
"https://play-lh.googleusercontent.com/a/ACg8ocIEUWd0-30CbogrsPmL0BhOnnp2o-SugvdMKpNJicIambrOKQ=s32-rw-mo","oh ji","2023년 8월 5일","좋구먼","","",""
"https://play-lh.googleusercontent.com/a-/ALV-UjXCJXRN2MEdyqCiiokRwAgBw9ujodXoFBysEh1zIneXcitAAv4k=s32-rw","Jay L","2023년 6월 19일","굿굿","","",""
"https://play-lh.googleusercontent.com/a-/ALV-UjWqUaE-wMeCvC1gDfJJMKjc8Z-MDvSMBUXn-u8gbcpmbMfv5_fF=s32-rw","NIK2 (NV)","2023년 6월 2일","굳","","",""
"https://play-lh.googleusercontent.com/a/ACg8ocKBr1aqbf6hm-os-L4sI8b9VCaj4GjpXU7PO3xLJQ96p-F-PA=s32-rw-mo","강수진","2023년 5월 8일","편해요","","",""
"https://play-lh.googleusercontent.com/a/ACg8ocLgB66AN0Jt1BimrRTaLXXFifYlnf0sbByP-JPSybqknnlc3w=s32-rw-mo","이주원","2023년 4월 21일","좋아연","","",""
"https://play-lh.googleusercontent.com/a/ACg8ocIXyvs4nVZuHf67dFMK-xRrKj4JrjHAyAYWXZZ21W0YQ8r7Ew=s32-rw-mo","김정열","2023년 4월 9일","좋음","","",""
"https://play-lh.googleusercontent.com/a/ACg8ocLRk5QUupG91qmrOp1r52kmT-DB82XQde4a-c40aoi7nRSmDw=s32-rw-mo","이상룡","2023년 4월 23일","편해요","","",""
"https://play-lh.googleusercontent.com/a/ACg8ocJbQLu7zeAauiRXeB9-9xP5qDdIYPQ7KGOwDerWm6Xh6ZqFYg=s32-rw-mo","작은해리","2023년 3월 24일","좋아요","","",""
"https://play-lh.googleusercontent.com/a-/ALV-UjXEdF81BTiQclvQyCDkc-abzOiw_xJ4Zft015hJsYr1AP7oymxR=s32-rw","악인자","2023년 5월 11일","편해서 좋아용","","",""
"https://play-lh.googleusercontent.com/a/ACg8ocL-snoFjY8oYj1S69z4sV62-ZL0ZmWVLz7JdbLW_nDCHxiL4Q=s32-rw-mo","박시현","2023년 3월 5일","굿","","",""
"https://play-lh.googleusercontent.com/a-/ALV-UjXgZGrL3Oe-2eY8QCUEwG2Lz0quSzirDaBPTGYdMsPOPAuZF-U=s32-rw","권만석","2023년 3월 11일","편해요","","",""
"https://play-lh.googleusercontent.com/a/ACg8ocK6ViQVS30mLzQPdJAjnvPI3756XRP8Ftushl6iRVViYGHCRg=s32-rw-mo","이용규","2023년 2월 24일","굿","","",""
"https://play-lh.googleusercontent.com/a/ACg8ocK9pRhI0mVXEgpQ-Sam4D_cJgVXEX3juhYAmRbcpKfvh7YK=s32-rw-mo","우상준","2023년 2월 24일","좋아요","","",""
"https://play-lh.googleusercontent.com/a-/ALV-UjWC2act-9LQN4E47Q3-5ILwLXZCr3xULA9WiVRycGia-ijTjYk=s32-rw","시크블랙","2023년 3월 4일","굿이여라","","",""
"https://play-lh.googleusercontent.com/a/ACg8ocLAfQ9bg53w-aALuC9qFfo7xM77frAxhk3va2Maj_S5tGp_qw=s32-rw-mo","신천재다","2023년 1월 25일","좋아요","","",""
"https://play-lh.googleusercontent.com/a/ACg8ocITBagllWhH2SYTNGWZdHfIUiCuILhOccbVp8J5x45ILWCr7Q=s32-rw-mo","youngae bae","2023년 2월 11일","좋아요","","",""
"https://play-lh.googleusercontent.com/a/ACg8ocL_QN0sIFaF0OBqlHIoK94TiDCLUZAKFcsfyGBi1mVMVeOMPw=s32-rw-mo","황인석","2023년 1월 30일","굿","","",""
"https://play-lh.googleusercontent.com/a-/ALV-UjXz_NDoyhaoxvW1tY3XHeEz10C2JoMEKOYSQw47utNl_RDui0mD=s32-rw","상현","2023년 2월 11일","굳","","",""
"https://play-lh.googleusercontent.com/a-/ALV-UjUv8TVBuYcIxBOeir1j-lz5H66iD0tVr3ozqF02N1hAgOIn8u9hDg=s32-rw","jerry","2023년 2월 12일","편해요","","",""
"https://play-lh.googleusercontent.com/a/ACg8ocKI09t0zgzfhyN22fbAgoaZkxHinxO7YoDiVrUHdQvwhI3WRA=s32-rw-mo","ck c","2023년 1월 12일","굿","","",""
"https://play-lh.googleusercontent.com/a/ACg8ocIJs8wr0_a6K-n_zySYxcdMefeO0dHTCh9iBeg-5iSM0xDkfw=s32-rw-mo","임수찬","2023년 1월 8일","개좋다이거","","",""
"https://play-lh.googleusercontent.com/a/ACg8ocJNEu6AOk0RU5dk6hYad04cQ-yGSiCThNcVF-AUf767HVTGjw=s32-rw-mo","김오떡","2023년 1월 9일","굿","","",""
"https://play-lh.googleusercontent.com/a/ACg8ocIYS97ZT0y-M-9TNtKChtkCvvr9zYSEo3tllIMPFBPe3M6Btw=s32-rw-mo","김현이","2023년 1월 12일","좋아요","","",""
"https://play-lh.googleusercontent.com/a-/ALV-UjVEkcBdiXX3w68j4-q-aMB_gXVZqCQvcnSvQmM8-YvDPnMbvcLRiw=s32-rw","박영철","2023년 1월 9일","좋아요","","",""
"https://play-lh.googleusercontent.com/a-/ALV-UjWukLcazIV-ZWYU5z21M6qLhMp1pmdB1QrsSlSkkQrXXeUVV_6z=s32-rw","이현국","2023년 1월 9일","편하네요","","",""
"https://play-lh.googleusercontent.com/a/ACg8ocKC7lx4LTdmDEUuvZcLDrAZ2Rb9PO5GQ5-S1QaJxNEGYJwudw=s32-rw-mo","구아뽀","2022년 12월 18일","굿","","",""
"https://play-lh.googleusercontent.com/a/ACg8ocLKPE071t74PId0I_Wkenrmwd42mxsqnGZhJuaVTFUf-kl86g=s32-rw-mo","S8석궁","2022년 12월 15일","편리함","","",""
"https://play-lh.googleusercontent.com/a/ACg8ocLaKnhQcpscn5zwlnVsLm9sI6zEP-EmrRXAhPvvp7fcVl3NgA=s32-rw-mo","고하준","2022년 12월 5일","좋아그냥..","","",""
"https://play-lh.googleusercontent.com/a-/ALV-UjWnf_tRhC5M_HdoqYepglzdh2N0VPJA53oW_hYl3V2ot79qqae2=s32-rw","너의별","2022년 12월 2일","최고입니다","","",""
"https://play-lh.googleusercontent.com/a-/ALV-UjVI37qPjhDsTmTpy3bdV1kkgppmNxofwnG85ZJYql6arD4KJUs=s32-rw","김남균","2023년 6월 11일","편해요","","",""
"https://play-lh.googleusercontent.com/a-/ALV-UjWUICH_DTscUYH4NCPY2AUIdDY-bRbPdVikg-pAyotcHSGhtpT1Rg=s32-rw","김민지","2022년 11월 23일","좋아요","","",""
"https://play-lh.googleusercontent.com/a/ACg8ocJBclNyYHzDnffeS6CYC5WWNmz1E4emYzP1cKo7NpQo39YRyQ=s32-rw-mo","김민석","2022년 11월 21일","좋아요","","",""
"https://play-lh.googleusercontent.com/a-/ALV-UjVxkQZ5VVMv2n_-gVZg8_JJpIsBRYRW1HsVvivgiEF9KsaqZgNb=s32-rw","K IM","2022년 11월 10일","좋습니다","PaytaLab","2022년 11월 10일","안녕하세요. K IM 패써님. 패스오더입니다.

우선 패스오더를 잘 이용해 주셨는데 불편함을 안겨 드려 죄송하다는 말씀드립니다. 해당 글 확인 후 적립 선물 발송이 되지 않는 부분에 대해 확인 후 개선 작업을 진행하였습니다.
이후 플레이스토어에서 앱 업데이트를 진행한 후 다시 한번 선물하기를 해보신다면 정상적으로 선물이 가능한 점 알려드리며, 선물하기는 주문일 기준 다음날까지 발송 가능한 점 참고 부탁드립니다.

혹시 더 궁금하신 점은 언제든 [문의하기]를 이용 부탁드리며, 추후에는 동일 현상이 반복되지 않도록 더욱 노력하는 패스오더가 되겠습니다. 감사합니다.

-패스오더 드림"
"https://play-lh.googleusercontent.com/a/ACg8ocK3E0ce8jRuCjy3hfj22nUgFq3miRzeyRhsZUxovtQlMY-Uuw=s32-rw-mo","최소윤","2022년 11월 12일","편해요","","",""
"https://play-lh.googleusercontent.com/a/ACg8ocJw77X2pPXEQHQZ3rc-PNlYAGnlB6VeOGm7LkJdGFS9-qNzsQ=s32-rw-mo","정근수","2022년 11월 6일","굿","","",""
"https://play-lh.googleusercontent.com/a/ACg8ocLW75Q9bCLpAzkLLJTA_bQz4ea8_vP-XBsmki91tOjlZT962w=s32-rw-mo","김푸름","2022년 11월 2일","좋아요","","",""
"https://play-lh.googleusercontent.com/a/ACg8ocLP6t5W-HK6RRZ7L2bmoJ1b2dLL_BZm000X4V7ktxq5aro9fQ=s32-rw-mo","Amy Won","2022년 11월 21일","좋아요","","",""
"https://play-lh.googleusercontent.com/a-/ALV-UjW2affZ9h_CZE1GovQLzy2EPQPRs7Xspo5eJULlObOVsOFAM5w=s32-rw","유리후니","2022년 10월 15일","굿","","",""
"https://play-lh.googleusercontent.com/a-/ALV-UjWbBAJZ0aqmo5gpnjraBl7KS7OVNFLgaqdd77QsfP7uOQGksQk=s32-rw","롭다","2022년 10월 3일","정말편하고 최고","","",""
"https://play-lh.googleusercontent.com/a/ACg8ocIcacwmEJvLEcpLMrE3GRSDDh5iKRTtNS8KOGTOVl1eQKndVQ=s32-rw-mo","김영탄","2022년 9월 30일","음음음","","",""
"https://play-lh.googleusercontent.com/a/ACg8ocITJOxLGXe52jWpM3r4QobC8dU-qd6mtGR5dyAT_m2CwJyxRQ=s32-rw-mo","전준현","2022년 9월 18일","굿굿","","",""
"https://play-lh.googleusercontent.com/a/ACg8ocLGwqHRuoFkGSIyRcEEImoFoKHUQORodqIy6_V-Rnov_JNp=s32-rw-mo","정무적 ᅵ","2022년 9월 16일","좋아요","","",""
"https://play-lh.googleusercontent.com/a/ACg8ocIPEWwldy0aBH2g8fya2yuI1OwGRLPP4a-TNG1yDRmpxigajA=s32-rw-mo","윤지아","2022년 9월 22일","편해요","","",""
"https://play-lh.googleusercontent.com/a/ACg8ocIvBkzxSRsmtoyMuqSPeKfMN5siHoRnEuJdr4J_7Q1dgmkFxw=s32-rw-mo","JIHWAN BANG","2022년 8월 27일","굿","","",""
"https://play-lh.googleusercontent.com/a-/ALV-UjXDXkTnnR292VONjv7pGw8APFOfyMgax9OOqDP33emqFSljHbOv=s32-rw","Joon ho Choi","2022년 8월 16일","좋아요","","",""
"https://play-lh.googleusercontent.com/a/ACg8ocILANte5JvCGH3Be8IzmDhuT21ZM4BYDmqMm8wLyzEKvGnARw=s32-rw-mo","jaewook lee","2022년 8월 12일","베리베리굿","PaytaLab","2022년 10월 12일","안녕하세요 jaewook lee 패써님! 패스오더입니다.

유용한 커피 주문 앱 패스오더를 이용해 주시고 소중한 리뷰까지 남겨주셔서 진심으로 감사드립니다! 작은 칭찬 한 마디라도 패스오더 팀에게는 정말 큰 힘이 된답니다. 앞으로도 패스오더를 통해 커피 주문 시간만큼은 절약하여 패써님의 삶의 질을 UP 시켜드릴 수 있도록 남은 하루까지 기운 내어 달려 보겠습니다!! 앞으로도 지켜봐 주시고 많은 관심 부탁드려요 :)

이제 날씨가 많이 추워요. 따숩게 입으셔야 해요! 오늘 남은 하루도 파이팅입니다:)

-패스오더 드림"
"https://play-lh.googleusercontent.com/a/ACg8ocIL7ykgHbIjUyQCrpBuM93wDdnH9CPyk50rNt2WUMVcnurMTA=s32-rw-mo","HYEOCK KWON","2022년 8월 24일","좋아요","","",""
"https://play-lh.googleusercontent.com/a/ACg8ocJs962SzDWNOW_qUZj12HO4-GQpDbU_gaLm5XRedw2N2TvZKg=s32-rw-mo","송미지","2022년 8월 6일","굳","PaytaLab","2022년 9월 29일","안녕하세요 송미지 패써님! 패스오더 패써지원팀입니다.

간편 커피 주문 앱 패스오더를 이용해 주시고 별 다섯 개 가득한 좋은 리뷰 남겨 주셔서 진심으로 감사드립니다! 패스오더는 현재 더 많고 다양한 매장이 도입될 수 있도록 정말 열심히 뛰고 있는데요! 앞으로는 패써님의 발길이 닿는 모든 곳에서 패스오더를 만나보실 수 있도록 더욱 분발하겠습니다 :)

벌써 한 주가 끝나가고 있는 목요일이네요..! 조금만 파이팅 하시면 즐거운 주말이 기다리고 있으니까요! 오늘도 에너지 넘치게 파이팅 하셨으면 좋겠어요! 감사합니다 :)

-패스오더 패써지원팀 드림"
"https://play-lh.googleusercontent.com/a/ACg8ocISk9jCH2xnXCuT5RyB7b--5ouALwBPc8eHbYDVlYtvoXn5Hw=s32-rw-mo","이창석","2022년 7월 26일","편해요","PaytaLab","2022년 8월 9일","안녕하세요 이창석 패써님! 패써지원팀입니다.

패스오더 서비스를 편리하게 이용하고 계신다니 정말로 기쁩니다 :) 이용에 다른 불편함은 없으셨나요? 저희는 항상 패써님들의 소리에 귀 기울이고 있으며 피드백은 언제든지 열린 자세로 받을 수 있는 준비가 되어 있답니다. 앱을 사용하며 아쉬운 부분이나 더 추가되었으면 하는 부분이 있으시다면 언제든지 앱 하단의 [패스오더와 친해지기->문의하기]에 글 남겨주세요! 더욱 빠르게 답변 드릴 수 있도록 하겠습니다. 감사합니다 :)

- 패스오더 패써지원팀 드림"
"https://play-lh.googleusercontent.com/a-/ALV-UjXB-SvygrskBwWvGiS_nu7Pn8GMaL2KV0laRJmME8ekSuZwBESZRQ=s32-rw","Kwi Hye Eum","2022년 7월 15일","편해요","PaytaLab","2022년 8월 3일","안녕하세요 Kwi Hye Eum 패써님! 패써지원팀 조은빈입니다.

리뷰 남겨주신 작은 한 마디가 담당자인 저에게 남은 오후 업무들이 미소로 다가옵니다. 계속해서 Kwi Hye Eum 패써님이 처음 느끼신 그 마음이 쭉 유지될 수 있도록 더 좋은 서비스로 보답해드리겠습니다.
코로나가 또 다시 기승을 부리고 있는 것 같습니다. 건강 관리 유의하시길 바라며 상쾌한 한 주 되시길 바랍니다 :-)

- 패스오더 패써지원팀 조은빈 드림"
"https://play-lh.googleusercontent.com/a/ACg8ocK_13zdc8B688ROz7w3v0WnpUcn5tGTgQ69Dp9FtUkSENnItg=s32-rw-mo","이동훈","2022년 8월 15일","아주좋아여","","",""
"https://play-lh.googleusercontent.com/a/ACg8ocIlBiT6lhkjpqCwV48skU3p591A7eLLUcHBmD3Js8opjpqrhQ=s32-rw-mo","이재호","2022년 6월 18일","좋습니다","PaytaLab","2022년 7월 20일","안녕하세요 이재호 패써님
패스오더 패써지원팀 김수진입니다.

편리한 패스오더 서비스를 이용해 주시고 별 다섯개와 좋은 리뷰까지 작성해 주셔서 감사합니다.
패스오더 내에 진행되는 다양한 이벤트 중, [친구 초대 이벤트]를 참여해주시면 무제한으로 리워드도 받아보실 수 있으니 주위 친구분들께 많이 소문 내주시고 많은 참여 부탁드릴게요:)
남은 오후도 화이팅입니다! 감사합니다.
-패스오더 패써지원팀 김수진드림"
"https://play-lh.googleusercontent.com/a-/ALV-UjXogRyN2lAxWyCu3mar1yUcnhC_6z0AgWy6vNR64F6J1Mqr3VYW=s32-rw","성빅터","2022년 7월 1일","굿","PaytaLab","2022년 8월 2일","안녕하세요 빅터 패써님! 패스오더 패써지원팀 김수진입니다.

패스오더를 이용하시고 짧지만 강력한 리뷰 정말 감사드립니다! 요즘 같이 더운 여름에는 밖에서 기다릴 필요가 없는 패스오더가 정말 필수라는 생각이 들어요! 앞으로도 패써님의 일상에 도움이 될 수 있는 앱이 되도록 노력하겠습니다.
소중한 리뷰 남겨주셔서 다시 한 번 감사드리며, 오늘도 파이팅입니다!

-패스오더 패써지원팀 김수진"
"https://play-lh.googleusercontent.com/a-/ALV-UjVHU6DJ0ufSoKs6FIKgdbeRIYWLA6kZEp7C1c2efZUIrZCAMomJ=s32-rw","JaeMin LEE","2022년 6월 8일","굿잡","PaytaLab","2022년 6월 21일","안녕하세요 JaeMin LEE 패써님. 패써지원팀 고민경입니다.

저희 서비스를 이용해 보시고 별 다섯 개 리뷰 남겨주셔서 정말 감사드립니다. 짧지만 굵은 ""굳잡"" 이라는 한 단어가 오늘 패스오더팀을 기분 좋게 하셨다는 점 알고계실까요? 이 고마운 마음을 더 빠르고, 편리한 서비스로 보답하기 위해 저희는 오늘도 달리겠습니다!

사용하시면서 좋은 이야기 뿐만 아니라, 건의사항도 언제든지 환영이니 꼭 남겨주시면 감사드리겠습니다. 요즘 날씨가 많이 더워졌어요. 그래도 아침, 저녁으로 일교차가 있으니 건강 조심하시고 오늘도 행복한 하루 되세요.

-패스오더, 패써지원팀 고민경 드림"
"https://play-lh.googleusercontent.com/a/ACg8ocKxLAQCD6tLPPE5SvPmjGftWNLa-J9ETftWdWoexusqtbOkcQ=s32-rw-mo","현우박","2022년 5월 25일","좋아요","PaytaLab","2022년 6월 14일","안녕하세요 현우박 패써님. 패써지원팀 고민경입니다.

좋아요 칭찬과 함께 별 다섯 개의 리뷰를 남겨주신 현우박 패써님을 패스오더도 좋아합니다! 패써님의 기분 좋은 칭찬 덕분에 오늘 하루 힘내서 일 할 수 있을 것 같아요.

패스오더의 어떤 점이 가장 좋으셨을까요? 많은 패써님들이 기다리지 않고 편리하게 음료 픽업이 가능해서 좋다라고 말씀 해 주시더라구요! 편리함 뿐만 아니라 더 좋은 장점으로 칭찬 받을 수 있는 패스오더가 되겠습니다.
앞으로도 많은 이용 부탁드리며, 화요일 오늘 하루도 화이팅 하시길 바랍니다. 감사합니다.

-패스오더, 패써지원팀 고민경 드림"
"https://play-lh.googleusercontent.com/a-/ALV-UjXVku9I4RKZXajqP5tRZtCj_2Uv9FBTE-jbShcsZDIB4pr3Ui3s=s32-rw","경제적자유","2022년 5월 31일","좋아용 ㅎㅎㅎ","PaytaLab","2022년 6월 16일","안녕하세요 경제적자유패써님. 패써지원팀 고민경입니다.

패스오더도 경제적자유 패써님이 좋아요! ^^ 저희 서비스를 이용해 주시고, 리뷰까지 남겨주셔서 정말 감사드립니다. 패스오더의 어떤 부분이 가장 좋으셨을까요~? 모든 면에서 패써님께 만족감을 드릴 수 있도록 더욱 노력하는 패스오더가 되겠습니다.

앞으로도 기다림 없이, 미리 주문하고 바로 픽업 하는 편리한 패스오더 많이 사랑해주시고, 관심과 애정으로 지켜봐 주셨으면 감사드리겠습니다. 다가올 주말을 상상하며 오늘 목요일 하루 행복하고 신나게 보내셨으면 좋겠어요! 감사합니다.

-패스오더, 패써지원팀 고민경 드림"
"https://play-lh.googleusercontent.com/a-/ALV-UjWKccpiHCnYQl_4WzUFlqEvxDuIF6JYwYBxUe9FRs8wUAatXri1=s32-rw","Somi","2022년 5월 30일","편해요","PaytaLab","2022년 6월 16일","안녕하세요 Somi 패써님. 패써지원팀 고민경입니다.

편하고, 쉽고, 빠른, 언제나 시간 절약까지 책임질 수 있는 패스오더! 소중한 리뷰 감사합니다:) 앞으로도 패써님이 불편함 없이 편리하게 서비스 이용할 수 있도록, 늘 패써님의 의견에 귀 기울이고 계속해서 발전하는 패스오더가 되도록 노력하겠습니다. 모든 이용자들이 패써님처럼 ‘편해요’라고 외쳐주시는 그 날까지요!

고단한 목요일이지만 오늘 하루도 잘 보내셨으면 좋겠습니다. 목요팅입니다!! 감사합니다.

-패스오더, 패써지원팀 고민경 드림"
"https://play-lh.googleusercontent.com/a/ACg8ocKXKmH-Zhf784d6yVELyjuVU2qdkp7cV0fBiGTa8BPQcl5p-g=s32-rw-mo","임bwlim2","2022년 5월 25일","병우기","PaytaLab","2022년 6월 14일","안녕하세요 임bwlim2 패써님. 패써지원팀 고민경입니다.

저희 패스오더를 이용하고 소중한 리뷰 남겨주셔서 감사드립니다:) 패스오더는 주문 시간을 아껴서 패써님의 소확행을 더해드리기 위해 노력하고 있답니다! 패써님의 말씀을 정확하게 이해하지는 못했지만 별 다섯 개의 평가를 남겨주셨기에 긍정적인 것으로 해석하고자 합니다:)

부족한 것들을 채워나가는 어플로 성장하도록 노력하습니다! 지켜봐주시면 감사하겠습니다. 비가 오는 흐린 화요일입니다. 그래도 활기찬 에너지로 하루의 시간 화이팅하시길 바랍니다.

-패스오더, 패써지원팀 고민경 드림"
"https://play-lh.googleusercontent.com/a/ACg8ocKKOcR_MC94PVLXqj_adIBAtKl2lZsw-0GrgW_S2InkGseP1w=s32-rw-mo","ChoiRina Kim","2022년 5월 22일","편리함","PaytaLab","2022년 6월 13일","안녕하세요 ChoiRina Kim 패써님. 패써지원팀 고민경입니다.

패스오더를 이용하시고 나서 칭찬이 담긴 리뷰 남겨주셔서 정말 감사합니다! 저희 팀은 패써님들이 패스오더 서비스와 어떤 접점을 통해서 매력을 느끼고, 어떻게 하면 원하시는 목적을 보다 쉽고 편리하게 달성할 수 있을 지에 대한 고민을 계속하고 있습니다.

아직은 성장 중인 서비스여서 미숙한 부분도 많지만 패써님들이 남겨주시는 소중한 피드백들을 발판 삼아 계속해서 나아가고자 합니다. 이용하시는 모든 유저분들께 별 다섯 개를 받을 수 있는 서비스가 되는 그 날까지요:) 오늘 남은 하루도 좋은 시간 되시길 소망합니다.

.-패스오더, 패써지원팀 고민경 드림"
"https://play-lh.googleusercontent.com/a-/ALV-UjW55BcAAE4uRQ6bmDa4b9KmaCGR-w8WLbSmGLpKqCZvyeoD_tU=s32-rw","최태경","2022년 5월 12일","굿","PaytaLab","2022년 5월 24일","안녕하세요 최태경 패써님. 패써지원팀 김다희 입니다.

패써님들의 칭찬은 들을 때 마다 기분이 너무 좋답니다 : )
패스오더 팀은 오늘도 패써님의 리뷰 보며 오늘도 으쌰으쌰 힘을 낸답니다!

백찌 패써님 그거 알고 계실까요? 패스오더는 더울 때 더더더 좋다는 거! 더위에 너무 약한 저는 지금도 패스오더 너무 잘 애용하고 있답니다~

패써님이 더욱 만족하실 수 있도록 많은 이벤트와 더 편리한 기능으로 찾아뵙겠습니다 : )

앞으로도 저희 패스오더 많이 애용해주시고 오늘도 행복한 하루 보내시길 바랍니다. 감사합니다.

-패스오더, 패써지원팀 김다희 드림"
"https://play-lh.googleusercontent.com/a-/ALV-UjXAh1SX38Wtqn-F6qoluUBzVszeZCxou7gWZhUHN6M5pHplh3gw=s32-rw","이창후","2022년 5월 15일","좋아요","PaytaLab","2022년 5월 26일","안녕하세요 이창후 패써님. 패써지원팀 김다희입니다.

미리 주문해두고, 빠르게 받아오기만 하면 되는 패스오더! 편리하게 잘 사용해주고 계시니 너무 기쁩니다. 저 또한 주변 지인들에게 추천하고 나서 불평은 들어본 적이 없는 것 같아요. : )

현재 앱에서 [친구초대 이벤트]가 진행 중에 있습니다. 양쪽 모두에게 무제한 리워드를 지급해드리는 이벤트이니 추천도 해주시고 리워드 쿠폰도 받으셔서 맛있는 커피로 시원하게 갈증 해소 하셨으면 좋겠습니다.

오늘도 행복한 하루 되세요. 소중한 리뷰 감사드립니다!

-패스오더, 패써지원팀 김다희 드림"
"https://play-lh.googleusercontent.com/a-/ALV-UjVWCbUwzkwC8wk5E14q9tXjDzz0HmIdGvRVAOi3ei2TDRdqQWFe=s32-rw","강현숙","2022년 5월 16일","굿","PaytaLab","2022년 5월 26일","안녕하세요 강현숙 패써님. 패써지원팀 김다희입니다.

별 다섯개와 함께 긍정의 리뷰까지 남겨주셔서 감사드립니다. 어떤 부분이 강현숙 패써님에게 가장 굿! 이었을까요?
미리 주문하여 매장에 먼저 온 손님보다도 먼저 픽업할 수 있다는 점일까요~? 이 외에도 모든 부분이 패써님 맘에 쏙 들 수 있게 패스오더는 현재에 만족하며 머무르지 않고, 더 발전하며 언제나 패써님들께 만족을 드릴 수 있도록 노력하겠습니다.

오늘도 행복한 하루 되시길 바랍니다. 감사합니다 : )

-패스오더, 패써지원팀 김다희 드림"
"https://play-lh.googleusercontent.com/a-/ALV-UjV33AOQjuEdTZz9WXvJ2R9YIFAKdeYg1edr0kmcjZHcluAkT9o=s32-rw","won hee","2022년 5월 12일","일단굿","PaytaLab","2022년 5월 24일","안녕하세요 won hee 패써님, 패써지원팀 손지혜입니다.

'굿' 이라는 패써님의 칭찬 덕분에 기분좋은 하루를 시작할 수 있어 감사드립니다!

저희 패스오더가 won hee 패써님의 하루중 일부분에 편리함을 제공해드렸음에 진심으로 기쁩니다! 패스오더 앱에서 패스머니를 충전하시면 즉시 포인트를 지급하는 서비스도 활용해주시면 더욱더 만족스러운 앱 사용이 되실것 같습니다!!

패써님의 칭찬에 앞으로도 계속 보답하기위해 끊임없이 노력하는 패스오더가 되겠습니다. 감사합니다

-패스오더, 패써지원팀 손지혜 드림"
"https://play-lh.googleusercontent.com/a/ACg8ocIoxIIuWsmJaRq64WmBjTOMLjhA2jMO5201j0N6e8PDPmul1Q=s32-rw-mo","김유현","2022년 5월 3일","조아용ㅎ","PaytaLab","2022년 5월 8일","안녕하세요 김유현 패써님. 패써지원팀 김다희 입니다.

주문부터 결제까지 한 번에, 기다림 없이 바로 픽업하는 패스오더! 저희 서비스가 패써님께 만족을 드릴 수 있어 매우 기분이 좋답니다 : )

더운 날씨에는 더 유용한 패스오더! 후끈후끈 여름에 햇볕에서 기다리지 않고 바로 받는 시원한 음료 한 모금의 행복, 패스오더와 함께 느껴보세요!

패써님이 더욱 만족하실 수 있도록 많은 이벤트와 더 편리한 기능으로 찾아뵙겠습니다.

앞으로도 저희 패스오더 많이 애용해주시고 좋은 주말 저녁 되시길 바랍니다. 감사합니다!

-패스오더, 패써지원팀 김다희 드림"
"https://play-lh.googleusercontent.com/a-/ALV-UjWb07_5GasWWZYaETstPVQ_SNKot27SopoU4mFNGToqzk8BN-jKvQ=s32-rw","이호","2022년 5월 7일","굳","PaytaLab","2022년 5월 17일","안녕하세요유나 패써님. 패써지원팀 고민경입니다.

걸어서도! 차를 타고 지나가면서도! 유용하게 이용 가능한 패스오더 서비스와 함께 해주심에 너무나 감사드린다는 말씀드립니다 남녀노소 손쉽게 사용 가능한 어플이기에 보다 만족하실 수 있었을 겁니다:)

패스오더 서비스를 편리하게 이용하셨길 바랍니다. 편하고, 쉽고, 빠른 패스오더로 일상생활에서 언제나 시간 절약 책임질 수 있는 패스오더가 될 테니 성장하는 모습 지켜봐 주세요! 오늘 수요일도 파이팅하시기 바랍니다. 감사합니다!

-패스오더, 패써지원팀 고민경 드림"
"https://play-lh.googleusercontent.com/a/ACg8ocI4dSsbp3ZRMBdbzkMTNAJ4ZwN8j_3EFY2JX1-4WkzaaB1aFA=s32-rw-mo","냠냠먹을래","2022년 5월 3일","좋아용","PaytaLab","2022년 5월 8일","안녕하세요 냠냠먹을래 패써님. 패써지원팀 김다희 입니다.

저희 패스오더를 좋아해주시니 너무 감사드리고 뿌듯한 마음입니다!

패써님께 더 도움이 되는 서비스가 될 수 있도록 패스오더는 꾸준히 달려나가고 있습니다.

주문부터 결제까지 한번에 이루어져 찾으러 가기만 하면 되는 편리한 서비스 패스오더는 바쁜 현대인들에게 이제 필수 요소가 된 것 같아요!

테이크아웃하면 패스오더가 가장 먼저 떠오를 수 있도록 현재에 만족하지 않고 더 나아가는 자세로 끝까지 노력하겠습니다.

언제나 이용해주셔서 감사드리며 즐거운 하루 되시길 바라겠습니다 감사합니다 : )

-패스오더, 패써지원팀 김다희 드림"
"https://play-lh.googleusercontent.com/a/ACg8ocLNGT_kMWxQcp3cxVKUNUuNz47pCQk8ZEwB861y2UPF8tt0fA=s32-rw-mo","최윤준","2022년 4월 23일","좋습니다","PaytaLab","2022년 5월 8일","안녕하세요 최윤준 패써님. 패써지원팀 고민경입니다.

소중한 리뷰 정말 감사합니다! 일상에 편리함을 선물해드린 것만 같아 정말 기분이 좋습니다. 저는 아침 출근길 필수템으로 패스오더를 애용 중이랍니다! 지하철 내리기 전 몇 번의 터치만으로 지각 걱정없이 커피를 사 먹을 수 있으니까요! 패써님도 점심시간/아침시간/휴식시간까지 모두 애용해주실 거라고 믿어요:) 더 나은 서비스를 위해서 끊임없이 노력하는 패스오더가 되겠습니다.

오늘도 기분 좋은 하루 보내시기 바랍니다. 감사합니다.

-패스오더, 패써지원팀 고민경 드림"
"https://play-lh.googleusercontent.com/a/ACg8ocINcjLh69p1Nf6QR631qm_RgQdvCaiuMZzKmj0PyWR3q3z2ww=s32-rw-mo","뀨잉잉","2022년 4월 24일","구우우우5","PaytaLab","2022년 5월 8일","안녕하세요 뀨잉잉 패써님, 패써지원팀 고민경입니다.

아마~도 하시고 싶었던 말씀이 구우우욷!! 일까요? 패스오더를 이용해주시고 귀한 시간을 내어 리뷰를 작성해주셔서 감사합니다. 그러한 마음에 조금이라도 보답하고자 이렇게 답글을 남깁니다.

패써님, 오늘도 날씨가 많이 덥습니다. 패스오더의 진가는 날씨가 더워질 수록 빛이 난답니다. 무더운 여름날 땀 흘리는 인파속에서 아이스 아메리카노를 바로 픽업해서 들이킬 때의 그 쾌감!! 저희 패써님들만 느끼실 수 있을거에요. 패써님도 이번 여름에 꼭 느껴보셨으면 좋겠습니다^^

기분좋은 일요일 보내고 계신가요? 다가오는 월요일도 화이팅입니다

-패스오더, 패써지원팀 고민경 드림"
"https://play-lh.googleusercontent.com/a/ACg8ocJ6dzF2BlXgdYoQNT7yP3sm8Y2MDcFrhuVmoTx-a-lRLs7fUg=s32-rw-mo","김철민","2022년 4월 19일","잘사용합니다","PaytaLab","2022년 5월 6일","안녕하세요 김철민 패써님. 패써지원팀 고민경입니다.

저희 패스오더를 이용해 보시고, 칭찬이 담긴 리뷰를 남겨주셔서 정말 감사합니다. 이런 리뷰를 볼 때마다 우리 패써님들께 어떻게 이 마음을 보답해 드려야 할까 많은 고민을 한답니다. 패써님께서 피곤하고 바쁜 아침, 맛있는 커피를 즐기실 수 있도록 패스오더가 더욱 빠르게 성장하겠습니다! 헤어나올 수 없을만큼 저희 서비스에 중독되실 수 있도록 더 힘내보겠습니다! 지금과 같은 애정과 관심으로 지켜봐 주세요. 다시 한번 선물과도 같은 리뷰 써 주셔서 감사드리며, 오늘도, 내일도 패스오더와 함께 힘차게 출발하시길 바랄게요!

-패스오더, 패써지원팀 고민경 드림"
"https://play-lh.googleusercontent.com/a/ACg8ocJa9l3RwDuH-bYaSXkRD1ziaAHgmNA0xVANnaIjoecNj9ugqw=s32-rw-mo","김명섭","2022년 4월 5일","최고","PaytaLab","2022년 4월 22일","안녕하세요 김명ᄌ섭 패써님. 패써지원팀 고민경입니다.

간혹 패써님들께서 패스오더는 직장인의 필수템이라고 평가해주시는데 저도 공감하는 바입니다:) 패써님 말씀대로 커피를 좋아하는 저희한테도 패스오더는 정말 없으면 안되는 필수 어플이 되었답니다. 밖에서 기다리는 1분은 10분 그 이상의 느낌이더라구요. 하지만 패스오더를 만난 이후부터는 합법적 새치기로 맛있는 커피를 매일 즐기고 있답니다. 패써님도 저와 같은 경험을 하시길 바라요!

더 많은 매장을 패스오더에서 만나보실 수 있도록 달려보겠습니다. 다시 한 번 리뷰 남겨주셔서 감사드리며, 이번 주도 고생하셨습니다:)

-패스오더, 패써지원팀 고민경 드림"
"https://play-lh.googleusercontent.com/a/ACg8ocKsfygf13EkPtzxAn8N_f297qawSXO4_iYy-luDtDie1tGkKg=s32-rw-mo","가온가온","2022년 4월 8일","좋네요","PaytaLab","2022년 5월 1일","안녕하세요 가온가온 패써님. 패써지원팀 고민경입니다.

애정 담긴 리뷰 너무 감사드리며, 패써님의 리뷰를 보면서 더 좋은 서비스로 나아가야겠다고 생각이 들었습니다. 패스오더를 사용 해보시고, 기분이 따뜻해지는 리뷰 남겨주셔서 감사드립니다. 주문부터 결제까지 어플에서 한 번에 이뤄지니, 이렇게 편리 할 수가 없죠? 패스오더는 현재의 편리함에 머무르지 않고 조금 더 나은 서비스를 제공하기 위해 지금도 고민하고 있습니다.

앞으로도 많은 기대와 관심 부탁드리겠습니다. 기분 좋은 일요일되세요^^

-패스오더, 패써지원팀 고민경 드림"
"https://play-lh.googleusercontent.com/a-/ALV-UjX1KRJ5o-pLTWA0UjcKx3KsStIhgJJoLhW0m1nEJJxXDFdTof0-=s32-rw","곽애민","2022년 4월 9일","편하네요.","PaytaLab","2022년 5월 1일","안녕하세요 곽애민 패써님. 패써지원팀 고민경입니다.

편하게 이용하시고 계실 패써님의 모습을 상상하니 기분이 절로 좋아집니다:) 저는 요즘 매장 별로 콜드브루 마시기에 푹 빠져 있답니다. 나름 까다로운 미식가가 되는 기분이라 재미가 쏠쏠하네요!

패써님의 맛있고 편리한 커피생활을 위해! 다니시는 동선에 있는 모든 매장에서 패스오더를 발견하실 수 있도록 성장하려고 합니다. 앞으로도 지켜봐 주시길 소망합니다!

쾌청한 일요일 즐거운 시간들로 꽉 채우셨으면 좋겠습니다. 감사합니다!

-패스오더, 패써지원팀 고민경"
"https://play-lh.googleusercontent.com/a/ACg8ocL-VeMNigkiE_WpJOMFzS2X0bS270mnictPqC7J5Dp5nhDH-Q=s32-rw-mo","이상훈","2022년 3월 15일","굿입니다","PaytaLab","2022년 3월 16일","안녕하세요 이상훈 패써님. 패써지원팀 고민경입니다.

저희 서비스를 사용해 보시고 굿!이라고 말씀 해주셔서 너무나 뿌듯합니다. 이상훈 패써님의 리뷰를 보니 피곤한 수요일 아침 절로 힘이 나네요! 패스오더는 패써님들이 더 쉽고 편리하게 이용할 수 있도록 계속해서 업데이트를 진행하고 있어요. 패써님의 마음에 쏙 드는 패스오더가 되기 위해 더욱 노력하겠습니다.

사용하시면서 혹시 불편한 점이나, 개선해야 할 점이 보이신다면 언제든지 피드백 남겨주세요. 귀한 시간 내어 리뷰를 남겨주셔서 다시 한번 감사드리며 오늘 하루도 잘 보내시면 좋겠습니다! 감사합니다.

-패스오더, 패써지원팀 고민경 드림"
"https://play-lh.googleusercontent.com/a-/ALV-UjUaNgStozDKKY24_NWccuwR85U2emUdqm3BMHrbuKEEzdOvOH3KTA=s32-rw","N KIM","2022년 1월 13일","잘쓰고이씀","PaytaLab","2022년 1월 18일","안녕하세요 JUNE 패써님. 패써지원팀 고민경입니다.

패스오더 사용해 보시고 리뷰를 남겨주신 패써님의 정성에 감사드립니다. 앞으로도 패써님이 일상생활에서 간편하게, 쉽게 음료를 주문하실 수 있도록 끊임없이 노력하고 발전하는 패스오더가 되겠습니다.

사용하시면서, 불편한 점이나 개선할 점이 보이시면 언제든지 피드백 남겨주세요. 패써님의 리뷰는 항상 환영이랍니다.
벌써 1월의 반이 지났네요. 남은 1월은 더 행복하게 보내셨으면 좋겠습니다. 추운 날씨 건강 조심하세요!

-패스오더, 패써지원팀 고민경 드림"
"https://play-lh.googleusercontent.com/a/ACg8ocLUlRThLeVS86oFfcxP6si3XZ3GJh1_M6_6-56S7OpOwFDR2A=s32-rw-mo","최대영","2022년 1월 2일","좋아요","PaytaLab","2022년 1월 6일","안녕하세요 최대영 패써님. 패써지원팀 고민경입니다.

모든 칭찬을 껴안고 있는 말이 ‘좋아요’ 세 글자라고 믿습니다:) 저희 서비스를 이용해 보시고 해주시는 말 가운데 가장 감사한 말 중에 하나가 사용성이 편하고 좋다는 리뷰라고 생각합니다.
좋다고 말씀해주시는 한마디에 담당자인 저는 보다 많은 의미를 부여하기도 하지만, 인정할 수 밖에 없는 서비스가 되는 방향으로 열심히 나아가고 있는 것도 사실이기 때문에 자신있게 말할 수 있게 되는 것만 같습니다.

힘든 목요일이지만 웃으면서 남은 한 주를 저희 패스오더와 함께 힘내봅시다! 오늘도 좋은 하루 되세요:) 감사합니다.

-패스오더, 패써지원팀 고민경 드림"
"https://play-lh.googleusercontent.com/a/ACg8ocJbTcyoyMnO0Dnt-oHi4ZrksfHYYfHKQ1-1GCvXkmEZjLvR3w=s32-rw-mo","김누리","2021년 12월 12일","편해요","PaytaLab","2021년 12월 15일","안녕하세요 김누리 패써님. 패써지원팀 고민경입니다.

패스오더를 통해 일상이 조금이나마 편해지셨다니 정말 다행입니다. 오늘은 어떤 음료를 드셨을까요? 저희도 편리한 패스오더로 1일 1커피를 실천하고 있어요! 앞으로도 김누리 패써님께서 더 간편하게 사용하실 수 있도록 노력하는 패스오더가 되겠습니다.

패써님들께서 다양한 결제 시스템을 요청 주셔서, 카카오페이 결제 기능도 추가되었답니다. 패스오더를 사용해 보시고 추가로 더 개선되어야 할 점이나, 부족한 점이 보이시면 언제든지 피드백 남겨주세요!
패써님의 리뷰는 늘 환영입니다. 오늘도 좋은 하루 보내시고, 남은 일정도 화이팅입니다!

-패스오더, 패써지원팀 고민경 드림"
"https://play-lh.googleusercontent.com/a/ACg8ocLnWXTTY1U7qXe42QvidwZBvz4tUy0juq1SjLBNhgErAoDCCA=s32-rw-mo","이규형","2021년 11월 10일","좋아요","PaytaLab","2021년 11월 10일","안녕하세요 이규형 패써님. 패써지원팀 고민경입니다.

저희 패스오더를 이용해 주시고 별 다섯 개와 좋은 리뷰까지 작성해 주셔서 감사합니다. 흐뭇한 미소가 절로 나오는 한마디를 남겨주신 만큼 그 기대에 부응! 아니 그 이상으로 잘해내고 싶은 마음이 뿜뿜 생겨나네요:)
대한민국의 모든 커피 매장들과 패써님들이 패스오더를 다 아는 그 날까지 묵묵히 열심히 달려보겠습니다.

일도 많고 정신없는 수요일이지만 너무 바쁘다보면 중요한 것을 잊기 쉽습니다. 마음만은 여유를 가지고 행복한 수요일 되시길 바랍니다. 감사합니다.

-패스오더, 패써지원팀 고민경 드림"
"https://play-lh.googleusercontent.com/a/ACg8ocKmnSGURHsY2EraGXkPoRw_n0MIOmZvGLXktUV3D2KU8JhDCQ=s32-rw-mo","ROGER KIM","2021년 11월 3일","편하네요","PaytaLab","2021년 11월 3일","안녕하세요 패써님. 패써지원팀 고민경입니다.

간편하고 빠른 패스오더를 이용해 보시고 칭찬해 주셔서 정말 감사합니다. 패써님들의 리뷰는 패스오더를 움직이게 하는 것 같아요! 오늘도 패써님 덕분에 더 열심히 노력하는 중이랍니다.

많은 패써님들과 함께하기 위해 다양한 쿠폰 및 이벤트를 열심히 기획하고 있으니, 자주  들어오셔서 혜택 놓지지 말고 받아가셨으면 좋겠습니다! 패스오더를 이용 해 보시고, 불편하신 점이나 개선할 점이 보이시면 언제든지 피드백 남겨주세요. 피드백은 언제든지 환영입니다.

오늘 하루도 정말 고생 많으셨고, 내일은 더 행복한 하루 보내시면 좋겠습니다. 감사합니다.

-패스오더, 패써지원팀 고민경 드림"
"https://play-lh.googleusercontent.com/a/ACg8ocLsrMi1eKQqNoWD_1gjDoxKMpnXWO5CvjnY6EHhMS1KpHbJmg=s32-rw-mo","김동환","2021년 10월 8일","좋음","PaytaLab","2021년 10월 8일","안녕하세요 김동환 패써님. 패써지원팀 고민경입니다.

먼저, 저희 서비스를 이용해보시고 리뷰까지 남겨주셔서 감사합니다. 저도 카페에서 기다리지 않고 주문부터 결제까지 한번에 가능한 패스오더의 매력에 푹 빠졌답니다.
김동환 패써님께도 이런 편리함을 제공해 드릴 수 있어서 매우 기뻐요! 패스오더를 통해 5분, 10분 절약해 더욱 뜻 깊은 곳에 쓸 수 있도록 끊임없이 노력하는 패스오더가 되겠습니다.

많은 관심과 애정 부탁 드리며, 오늘 하루도 마무리 잘 하셨으면 좋겠습니다! 감사합니다.

-패스오더, 패써지원팀 고민경 드림"
"https://play-lh.googleusercontent.com/a-/ALV-UjUn4Xl32gkQwVF8fBd-yzdBaedGshv2HxW-0M6aXH6tljAgz7NNew=s32-rw","이영재","2021년 10월 15일","편하네요..","PaytaLab","2021년 10월 19일","안녕하세요 이영재 패써님. 패써지원팀 고민경입니다.

저희 서비스를 이용해 보시고, 패스오더를 칭찬해 주셔서 감사합니다. 편리하고 안전한 패스오더 서비스로 코로나 시기에 이영재 패써님께 만족감을 드릴 수 있어 매우 기쁩니다!
앞으로도 패써님께서 ""패스오더 참 편하네~"" 라고 느끼실 수 있도록 더욱 성장하고, 노력하겠습니다.

사용 하시면서, 불편하신 점이나 건의사항이 있으신 경우 언제든지 피드백 남겨주세요. 패써님의 리뷰는 언제든지 환영이랍니다!

오늘 하루도 정말 고생 많으셨고, 다음 주도 힘내서 화이팅입니다! 감사합니다.

-패스오더, 패써지원팀 고민경 드림"
"https://play-lh.googleusercontent.com/a-/ALV-UjW6aLfGjrkKOsHgaUJuL9ExtON6Fo_F6szR-3x7FvFHi53t7lz6=s32-rw","더블제이(double.j)","2021년 10월 2일","좋아요","PaytaLab","2021년 10월 2일","안녕하세요 y.j j 패써님. 패써지원팀 고민경입니다.

바쁜 현대사회의 필수템 패스오더! 저희 서비스를 이용해 주시고 별 다섯 개와 좋은 리뷰까지 작성해 주셔서 감사합니다.
칭찬을 남겨주신 만큼 그 기대에 부응! 아니 그 이상으로 잘해내고 싶은 마음이 뿜뿜 생겨나네요:) 대한민국의 모든 커피 매장들과 패써님들이 패스오더를 다 아는 그 날까지 묵묵히 열심히 달려보겠습니다.

일도 많고 정신없는 요즘이지만 너무 바쁘다보면 중요한 것을 잊기 쉽습니다. 주말동안은 푹 쉬시시면서 여유를 채워가시길 바랍니다. 감사합니다.

-패스오더, 패써지원팀 고민경 드림"
"https://play-lh.googleusercontent.com/a-/ALV-UjUrDqL7MLVepIzQ6ohb3-PDDaceniEqt5LxuzkYSGMozS8gmlzm=s32-rw","잉여퓨리 (잉여퓨리)","2021년 9월 14일","굳","PaytaLab","2021년 9월 16일","안녕하세요 잉퓨리퍼 패써님. 패써지원팀 고민경입니다.

별 다섯 개와 함께 남겨주신 묵직한 한 글자! 단 하나의 글자 만으로 기분을 좋게 만드는 것은 쉬운 일이 아닌데, 능력자이십니다:) 대한민국의 모든 커피 매장들과 패써님들이 패스오더를 다 아는 그 날까지 묵묵히 열심히 달려보겠습니다!
성장하는 패스오더를 꼭 지켜봐주셨으면 좋겠습니다!

오늘 남은 하루도 여유로운 마음가짐으로 즐겁게 마무리 잘하셨으면 좋겠습니다. 소중한 리뷰 남겨주셔서 다시 한 번 감사드립니다.

-패스오더, 패써지원팀 고민경 드림-"
"https://play-lh.googleusercontent.com/a/ACg8ocJTo_vklfesleypnY3Uf4IaesA3oTIG0MKuMU1GXMsYw_ZDQlA=s32-rw-mo","쿠마","2021년 9월 4일","좋이용","PaytaLab","2021년 9월 7일","안녕하세요 쿠마 패써님. 패써지원팀 고민경입니다.

유용한 커피 주문 앱 패스오더를 이용해 주시고 소중한 리뷰까지 남겨주셔서 진심으로 감사드립니다!
짧지만 굵직하게 남겨주신 긍정의 메시지는 패스오더에게 큰 힘이 된답니다. 패스오더를 알리기 위해 더 열심히 해야겠다는 생각이 많이 듭니다!

언제나 패써님의 편리한 커피타임을 책임질 수 있는 패스오더가 될 테니 성장하는 모습 지켜봐 주세요! 화요일 남은 오후도 힘차게 보내셨으면 좋겠습니다. 감사합니다:)

-패스오더, 패써지원팀 고민경 드림-"
"https://play-lh.googleusercontent.com/a/ACg8ocI1r9mMv1-baJfXboWKRzMkwxFg_pnvs9rZlmyZ-MwhjkAl=s32-rw-mo","wooseok kim","2021년 9월 5일","시간 아껴줌","PaytaLab","2021년 9월 7일","안녕하세요 wooseok kim 패써님. 패써지원팀 고민경입니다.

저희 패스오더를 이용하고 소중한 리뷰 남겨주셔서 감사드립니다:) 기다리지 않고 마시는 커피는 그 무엇보다 꿀맛 아닐까요?
우리의 1분 1초는 너무나 소중하기 때문에, 패스오더는 주문 시간을 아껴서 wooseok kim 패써님 일상에 소확행을 더해드리기 위해 노력하고 있습니다. 더욱 성장해나가는 패스오더 지켜봐주시기 바랍니다!

화요일이네요. 힘들지만 다시 찾아올 주말을 기대하며 힘을 내보려 합니다. 시원한 커피 한잔 하시고, 남은 하루도 파이팅하셨으면 좋겠습니다! 감사합니다.

-패스오더, 패써지원팀 고민경 드림"
"https://play-lh.googleusercontent.com/EGemoI2NTXmTsBVtJqk8jxF9rh8ApRWfsIMQSt2uE4OcpQqbFu7f7NbTK05lx80nuSijCz7sc3a277R67g=s32-rw","Google 사용자","2018년 6월 15일","이런 편리한 앱이 있네요 ㅎ ㅎ 번창했으면 좋겠습니다","PaytaLab","2018년 8월 2일","안녕하세요 똑똑한 주문결제  ""패스오더""  입니다.
먼저  ""패스오더""  서비스를 사용해주셔서 감사하고 소중한 의견 주셔서 더 감사드립니다.

편리함을 느끼셨다니 저희도 너무 감사합니다.
계속해서 편리한 기능을 추가하여 더욱 편리한 ""패스오더""가 되도록 노력하겠습니다.

감사합니다."
"https://play-lh.googleusercontent.com/a/ACg8ocIS2rU2akuEz2eTOmFJRzX2iMuiR3Hask2Gmfg_lvqdjDNcjmk=s32-rw-mo","박민지","2021년 9월 27일","좋아요","PaytaLab","2021년 9월 30일","안녕하세요 박민지 패써님. 패써지원팀 고민경입니다.

저희 서비스를 사용해 보시고, 예쁜 리뷰를 써 주신 박민지 패써님을 패스오더도 좋아합니다!
빠르고 간편한 패스오더의 어떤 부분이 가장 좋으셨을까요? 완벽을 추구하는 패스오더는 오늘도 패써님의 마음에 쏙 들기 위해 밤낮없이 노력하고 있답니다. 더욱 더 성장해 갈 패스오더 기대 많이 해주시고 사용 시 불편하신 점이나, 바라는 점이 있으신 경우 언제든지 패스오더에게 말해주세요.

박민지 패써님의 의견이라면 언제든지 환영입니다! 오늘 하루도 화이팅 하시고, 힘내셨으면 좋겠습니다. 감사합니다.

-패스오더, 패써지원팀 고민경 드림"
"https://play-lh.googleusercontent.com/a/ACg8ocK2kq3l68gCpWiaF51vKaVOYdojW39kQiyzYsahrRSw2W4w1g=s32-rw-mo","김동윤","2022년 12월 17일","굿굿","","",""
"https://play-lh.googleusercontent.com/a/ACg8ocKTjEqjDvaWsIazWTve8fswTpxVE_Yw-FrfOdnjwxlrRQZ6Ig=s32-rw-mo","함성원","2021년 10월 5일","편함","PaytaLab","2021년 10월 8일","안녕하세요 함성원 패써님. 패써지원팀 고민경입니다.

편하게 이용하시고 계실 패써님의 모습을 상상하니 기분이 절로 좋아집니다:) 저는 요즘 매장별로 아인슈페너와 콜드브루 마시기에 푹 빠져 있답니다. 나름 까다로운 미식가가 되는 기분이라 재미가 쏠쏠하네요!

패써님의 맛있고 편리한 커피생활을 위해! 다니시는 동선에 있는 모든 매장에서 패스오더를 발견하실 수 있도록 성장하려고 합니다. 앞으로도 지켜봐 주시길 소망합니다!
에너지 넘치는 금요일 보내시길 바랍니다. 감사합니다!

-패스오더, 패써지원팀 고민경"
"https://play-lh.googleusercontent.com/a-/ALV-UjVrfZfTTIFjCoM-KExMDXEqKpVTss2KcJVWMQpyJLd4IuuhNViy=s32-rw","Justin ASMR (Justin King)","2024년 1월 16일","굿","","",""
"https://play-lh.googleusercontent.com/a-/ALV-UjVglw13ppcOsAHeWVZm2lEODjKAehh3YvTdvcNEqNZUF87d1Wg=s32-rw","박태근","2023년 2월 4일","굿","","",""
"https://play-lh.googleusercontent.com/a/ACg8ocIsCSVYZqiZvNWDInAkBmyYo6D7U10JEU7K2hzdTUwC86rVjQ=s32-rw-mo","조혜원","2023년 1월 12일","좋아요","","",""
"https://play-lh.googleusercontent.com/a/ACg8ocJ_ZwmY3owyxY8Z8pCCvAb4VcuTpE0WJLDMNVKiLNu5R7il=s32-rw-mo","열운남","2023년 10월 1일","조아요","","",""
"https://play-lh.googleusercontent.com/a/ACg8ocJHIdcyHV8HoUfVpP0gueaTC8040e0xo3KMSNx90_mekpOtgw=s32-rw-mo","뿌꾸뿌꾸","2022년 9월 15일","편합니다","","",""